SMILES,SMILES_state,NLL
Fc1ccc(Oc2ncc(N=c3[nH]c(-c4cccc(C(F)(F)F)c4)cs3)cc2Cl)cc1,1,34.2
CS(=O)(=O)c1ccc2[nH]cnc(=Nc3ccc(F)cc3OC(CN)c3ccc(F)cc3)c2c1,1,31.64
Cc1cccc(C)c1NC(=O)CN1C(=O)COc2ccc(S(=O)(=O)N3CCCCC3)cc21,1,22.5
CC1=C2CCC3C(CCC4CC(O)CCC43C)C2CN1C(N)=NO,1,40.67
CC1CC(C)CC(Oc2[nH]c(=N)[nH]c(=NCc3ccc(Cl)cc3)c2N=O)C1,1,30.42
COc1ccc(-n2[nH]c(O)c(C(C)C)c2=O)cc1,1,23.14
c1cc(N2CCN(CC3CC3)CC2)c2cc[nH]c2c1,1,23.98
CC(C)(C)OC(=O)NC(Cc1ccccc1)C(O)CNCC(O)C(Cc1ccccc1)NC(=O)OC1CCS(=O)(=O)C1,1,26.59
N=c1[nH]c(=O)c2cc(Nc3ccccc3C(N)=O)ccc2[nH]1,1,23.6
O=c1c(-c2ccc(OCCOCCOCCOCCOc3ccc(CCC(O)c4oc(O)cc4O)cc3)cc2)coc2cc(O)cc(O)c12,1,38.14
CN=c1[nH]c2ncn(-c3ccccc3)c(=O)c2n1Cc1cccc(Cl)c1,1,29.61
C(=Cc1ccccc1)CSc1nc2ccccc2o1,1,20.34
CC1CCCN1c1c(S(=O)(=O)c2ccc(Cl)cc2)cnc2ccccc12,1,28.09
CC(C)NC(=O)CN1CCc2ccc(NS(=O)(=O)c3ccc(N(C)C)nc3)cc2CC1,1,33.3
C=C1CCCC(C)(C)C1=CCCc1csc2ccc(F)cc12,1,35.7
C=CCn1c(SCC(=O)N2CCC(C)CC2)nnc1-c1ccncc1,1,22.53
CN1CCN(C(=O)C#CCN2CCOCC2)CC1,1,23.56
Cc1nnc2c(=Nc3ccc(Cl)cc3Cl)[nH]c(-c3ccccc3)cn12,1,27.73
NS(=O)(=O)N1CCc2ccccc2C1,1,20.64
CC1CCN(C(=NO)NCCCc2ccc(Cl)cc2)CC1,1,31.66
CCc1ccccc1N=c1cc(Cl)[nH]c(=N)[nH]1,1,21.54
COC(=O)CC1(C(=O)OC)NC(c2cccnc2)c2c1c(O)n(-c1cccc(Cl)c1)c2O,1,30.07
CCCN(Cc1ccccc1)C(=O)C(Cc1ccccc1)NS(=O)(=O)NC(C)Cc1ccc(OCC)cc1,1,36.51
CCOC(=O)c1cnc(-c2cccc(C)c2)nc1-c1ccoc1,1,32.25
COc1ccc(-n2nc3c(N4CCCCC4)ncnc3c2OC)cc1F,1,36.65
CCc1noc(C)c1C(=O)N=c1[nH]nc(C)s1,1,22.63
CC(CC(=O)O)C(=O)O,1,18.78
CN(C)CCOc1ccc(-c2ccc(-c3noc(Cc4cccc(F)c4)n3)o2)cc1,1,30.29
CC(=O)Nc1ccc(NC(=O)Cc2c(O)n(CCCc3ccccc3)c(=O)n2Cc2ccc(C)s2)cc1,1,36.72
Oc1occ2c1C(c1ccc3c(c1)OCO3)c1c(ccc3ccccc13)N2,1,22.2
O=C1C(=Cc2cccs2)Oc2cc(-c3ccc(C(=O)N4CCCC4)cc3)ccc21,1,30.32
CN(C)S(=O)(=O)c1ccc(C(=O)Nc2ccccc2[N+](=O)[O-])cc1,1,23.74
Cn1cc[n+](CC(=NO)c2ccc(Cl)cc2)c1,1,20.7
N=c1ncc(-c2nc(N3CCOCC3)c3nc(N4CCN(CCOc5cccc(F)c5)CC4)[nH]c3n2)c[nH]1,1,33.46
Cc1ccc(C(=O)N2CCC3(CC2)COC(c2noc(C(C)C)n2)O3)nc1,1,30.25
COc1cccc(CN2CCc3c(sc4ccc(C)cc34)C2)c1,1,27.03
Cc1ccc(N=c2[nH]c(-c3ccncc3)cs2)cc1,1,17.54
COC(=O)COc1c(C)cc(-c2ncc(-c3ccc(CN(C)C)c(C)c3)s2)cc1C,1,29.8
COc1cc(-c2ccc3[nH]cc(C(C)=O)c(=NC4CCC(CN(C)C)CC4)c3c2)cc(Cl)c1O,1,21.87
Cc1ncc(Br)c(N(CC(C)C)NC(=O)c2cc(-c3ccc(Cl)cc3)on2)n1,1,26.89
CC#CCn1cc(C(=O)OCC)c(=O)c2ccc(Cl)cc21,1,24.67
NCCOc1ccc(Cc2nc3ccccc3n2CC(O)c2ccc(Cl)cc2)cc1,1,35.17
CC(=O)c1ccc(OCCCCCOc2ccc(O)c(C(=O)O)c2)cc1,1,25.1
CCN(C(=O)CSc1ccc(C)cc1)C1CCS(=O)(=O)C1,1,21.96
Oc1ccc(C2Sc3cc(O)ccc3OC2c2ccc(OCCN3CCCC3)cc2)cc1,1,17.21
COc1cc(NC(=O)Nc2cccc3c2SCCN3CCN(C)C)cc(-c2cc(F)cc(F)c2)c1OC,1,36.22
Cc1ccc(S(=O)(=O)C2(C(O)=NO)CCN(Cc3cccc(O)c3)CC2)cc1C,1,29.53
COc1nn2cc(-c3cc4cc(OCC5CC5)ccc4o3)nc2s1,1,22.11
CCOC(=O)Nc1c(-c2n[nH]c(SC)nc2=O)sc(C)c1C,1,27.32
c1cncc(-c2nc3cc(C4CCCCC4)ccc3[nH]2)c1,1,22.74
NCCCNC(=O)C(Cc1c[nH]c2ccccc12)NC(=O)c1ccc2[nH]c(-c3ccc(F)cc3)nc2c1,1,33.0
CCCCN=c1[nH]c(Cl)nc2c1ncn2C1SC(C(=O)NC2CC2C)C(O)C1O,1,33.9
COc1cc(C(=O)N2CCOCC2)cc(OC)c1OC,1,18.07
c1ccc(-c2nc[nH]n2)cc1,1,16.04
COc1ccc(-c2[nH]nc3c2C(c2ccc(OC)c(OC)c2)C(C#N)C(=N)O3)cc1,1,20.62
Cn1ccc(Cl)c1C(=O)OCC(=O)c1c(N)n(C)c(=O)n(C)c1=O,1,25.32
O=C1CN(C(=O)c2ccc[nH]c2=Nc2ccc(F)cc2)c2ccccc2N1,1,25.87
CC1(CC(=O)NC2CC=C(c3ccc(NC(=O)N4Cc5ccccc5C4)cc3)CC2)CC1,1,26.26
CCc1cc(C(N)=O)c(NC(=O)c2nn(CC)cc2Br)s1,1,27.25
O=C(NCc1cccc(C(F)(F)F)c1)c1ccc2c3c(cccc13)CC2,1,26.76
CCC(C)(N)CC(=O)O,1,22.99
CCNC(=O)CN(CC)S(=O)(=O)c1c(C)nn(-c2ccccc2)c1C,1,31.02
COc1cc(NC(=O)Cc2ccc([N+](=O)[O-])cc2)c(Cl)cc1CC(=O)NS(=O)(=O)CC(=O)O,1,44.48
O=C(CSc1c(F)c(F)c(F)c(F)c1F)Nc1ccc(-c2nc3ccccc3s2)cc1,1,27.4
CC(=O)NCC1CN(c2ccc(N3CCN(Cc4ccc([N+](=O)[O-])o4)CC3)c(F)c2)C(=O)O1,1,19.2
CN(C)C(=O)N1CCN(C(=O)c2cc3cc4c(cc3[nH]2)C(C)(C)NC(C)(C)C4)CC1,1,40.03
C=c1cc(C)[nH]c1=Cc1c(O)[nH]c2ccc(NC(=O)c3ccc(C(F)(F)F)cc3)cc12,1,26.75
Nc1ccc2c(c1)S(=O)(=O)N=S2c1ccccc1,1,20.85
CCCC(=O)NC(c1ccc(Cl)cc1)c1cccs1,1,27.24
FC1CCN(Cc2c[nH]c3ccc(Cl)cc23)CC1,1,24.44
O=C1CCc2ccc3c(oc4ccccc43)c21,1,22.58
COC(=O)c1sccc1NC(=O)C1CSC2(C)CCCN12,1,27.35
O=C1CCC2(CCN(Cc3cc(COc4cccnc4)no3)C2)N1CC1CCCCC1,1,43.3
CCC(C)(C)Nc1c(Nc2ccc(C#N)cc2)c(=O)c1=O,1,22.02
COc1ccc(CCn2c(O)c(C)c3c2-c2csc(C)c2CC3)cc1OC,1,36.73
C=C(C)C1CCC2(C(=O)OC)CCC3(C)C(CCC4C5(C)CCC(O)C(C)(CO)C5CCC43C)C12,1,24.76
Cc1c(CN(C)C)n(Cc2ccc(Cl)cc2)c2c(Cl)cc(Cl)cc2c1=O,1,29.77
COC(=O)COc1ccccc1C(=O)c1cccnc1C(=O)O,1,31.9
CC(C)C(=NN=c1cc[nH]c2cc(Cl)ccc12)c1c[nH]cn1,1,29.94
O=C(CN(C(=O)c1csnn1)c1ccc(F)cc1)NC1CCCC1,1,21.44
O=S(=O)(c1ccc(-n2c(=S)sc3ccccc32)cc1)N1N=C(c2ccccc2)CC1c1ccc(Cl)cc1,1,33.97
COCCCn1c(SC(N)C(=O)N(C)C2CCCCC2)nc2ccccc2c1=O,1,29.97
NC1=NC(c2ccncc2)(c2cccc(-c3cncnc3)c2)c2cccc(F)c21,1,21.83
CC(C)C1=NCC2(NC(=O)OC2(C)C)S1,1,28.86
O=C1c2ccccc2NC(c2ccncc2)N1CCCCCC1CCCCC1,1,27.06
COC(=O)C(Cc1ccccc1)NC(=O)CN1CCN(S(=O)(=O)c2ccc(Cl)cc2)CC1=O,1,26.22
CC(C)(C)Cc1ccc(-c2csc3nc(=N)[nH]n23)cc1,1,28.08
CCN(CC)C(=O)OC1CC2(C)C(OC)C(=O)N2C1OC(=O)C(C)C,1,40.98
N#CCN1C(=O)c2cccc3c(Br)ccc1c23,1,27.14
CCS(=O)(=O)N1CC(N2CCc3c(-c4c[nH]c(=N)c(F)c4F)nc(N4CCOCC4C)nc32)C1,1,26.86
CCOC(=O)C1Nc2cc(OC)c(-c3ccsc3)cc2-c2cc3c(c(=O)n2C1C(=O)OC(C)C)C(=O)OC3(O)CC,1,50.46
CC(C)(C)OCc1ccc(-n2cnc3cc(C(=O)NCc4cccnc4)ccc32)cc1F,1,37.42
Cc1ccccc1C(=O)N(C)CCCOc1ccc(C(=O)N=C2NCCS2)cc1NC(=O)c1cnc(Cl)c(Cl)c1,1,45.99
O=c1cc(NC2CCCC2)[nH]c(=O)n1Cc1ccccc1,1,20.79
CC(C)C(=O)NC(=O)NC1(c2ccsc2)CCCC1,1,31.83
CNCCSc1nnc(-c2ccc3c(c2)OCO3)o1,1,26.33
CC1C(=O)SC(CCc2ccccc2)(Cc2ccccc2)C1=O,1,22.76
Cc1cc(N2CCN(C)CC2)nc2ccc(O)cc12,1,21.8
CCC(N=CN(C)C)=[N+]1C(S(N)(=O)=O)=C(c2ccccc2)Oc2cc(Cl)ccc21,1,47.03
COc1cc(O)c(C)c(C=C(Cl)c2ccc(OC)c(O)c2)c1,1,27.72
N#Cc1c[nH]c2cc(-c3ncccc3OC(F)(F)F)ccc2c1=NC1CCCC1,1,30.96
NNC(=O)c1cc(S(=O)(=O)Nc2ccc3c(c2)OCCO3)ccc1Cl,1,26.71
CC(=O)N1CCC2c3c(n(Cc4ccc(Br)nc4)c4ccccc34)C(CNC(=O)c3cccnc3Cl)C2C1,1,44.03
COC1(Cn2c(CC3CCCC3)nc3cccnc32)CCCOCC1,1,33.75
Cc1cnc(-c2cc(C3OCCN(C)C3=O)[nH]c2-c2ccncc2)nc1,1,35.27
COc1cc2cncc(Cc3ccc4cccc(OCC(N)=O)c4n3)c2cc1OC,1,25.74
O=C(Nc1ccc(OC(F)(F)F)cc1)Nc1cccc(Cl)c1N1CCCCC1,1,23.65
Cc1ccc(C(=O)NCCCNCC2CCCO2)c2ccccc12,1,31.59
Nn1cc(-c2ccccc2)nc1SCc1cc(Br)c(O)c(Br)c1,1,29.02
NC(=O)c1ccc2[nH]c(-c3ccc(OCCOc4ccc([N+](=O)[O-])cc4)cc3)nc2c1,1,26.65
COc1c(Cl)cc(Cl)cc1N=c1ccc(=Nc2cccc([N+](=O)[O-])c2)[nH][nH]1,1,32.53
CC(=O)N(C)c1ccc(C=Nn2cnnc2)cc1,1,23.12
CCOC(=O)C(O)(CSc1c[nH]c2ccccc12)c1ccc(C(C)(C)C)cc1,1,35.32
COc1ccc(-c2ccc(-c3cccs3)n2NC(=O)Nc2ccc(Br)cc2)cc1,1,29.57
COc1ccc(F)c(N2C(=O)N(Cc3c(F)cc(F)cc3F)c3ccccc3S2(=O)=O)c1,1,23.64
Clc1ccc(C2CC(c3ccc(Br)cc3)=Nc3ncnn32)c(Cl)c1,1,20.83
Cc1cc(C)n(-c2ccc(C(=O)N=c3nccc[nH]3)cc2)n1,1,25.12
CCN(C)C(=O)N1CC(c2ccc(Nc3ccc(NC(C)=O)cc3)cc2)C1,1,37.59
Cc1cc(C)cc(NC(=O)CCc2nc(-c3ccc(Cl)cc3)no2)c1,1,22.3
COc1cc(CN2CC3CN(C(=O)c4ccoc4)CCC3C2=O)cc(OC)c1,1,31.07
CS(=O)(=O)c1cc(Cl)ccc1S(=O)(=O)Nc1ccc(Oc2ncc(C(F)(F)F)cc2Cl)cc1,1,33.31
CC1CN=C2C3CCC[N+](C)(CN2C1)C3=Cc1cnc2ccccc2c1,1,40.96
NS(=O)(=O)c1ccc(NC(=O)COc2ccc(-c3nc4ccccc4[nH]3)cc2)cc1,1,26.09
Cn1cccc1C(NC(=O)C1CCCCC1)c1ccccc1,1,23.92
Cc1[nH]n(-c2cccc(Cl)c2)c(=S)c1C(=S)Nc1ccc([N+](=O)[O-])cc1,1,30.78
O=c1[nH]c(O)c(C=c2cnn3c(=NC4CC4)[nH]c(=NCCN=c4ccc([N+](=O)[O-])c[nH]4)nc23)[nH]1,1,23.98
Cn1c(=O)cnc2c(-c3ccc(Br)cc3)[nH]nc21,1,28.66
CCCC(CCC)C(=O)N1CCN(c2ccc(N3CC(CNC(C)=O)OC3=O)cc2F)CC1,1,22.15
O=C(NCCc1cccs1)c1cccc(C(=O)N2CCN(C(=O)c3ccccc3Cl)CC2)c1,1,34.71
CSc1ccc(CN(C)CC(=O)Nc2cccc(Cl)c2C(=O)O)cc1,1,30.18
CCN1CCC(CNC(=O)c2cc(OC)c(OC)c(OC)c2)(c2cccc(OC)c2)CC1,1,25.75
O=[N+]([O-])c1ccc(N(CCc2nn[nH]n2)c2ccccc2)c([N+](=O)[O-])c1,1,32.01
N=c1[nH]cc(CO)c2cc(-c3ccc(O)cc3)c(-c3ccc(O)cc3)nc12,1,28.86
Cc1c(-c2ccc(C(C)(O)c3ccccc3)cc2)[nH]c2ccc(F)cc2c1=O,1,28.69
Cn1ccc(C(=O)N2CC3COCC3(COc3ccc(C#N)cn3)C2)n1,1,27.23
O=C(C=Cc1ccccc1)c1nc2ccccc2s1,1,20.81
CC(C)N=C1NS(=O)(=O)c2ccccc2N1NC(=O)c1cc2ccccc2cc1O,1,29.5
CCc1ccccc1-c1nc2ccc(C=CC(=O)O)cn2c1Cc1ccsc1,1,29.91
Cc1cccn1CC(=O)Nc1ccc2c(c1)CC1(C2)C(=O)NC(=O)N1CCC1CCCCC1,1,36.45
Cc1cc(=NC(=O)c2cccn3c(=O)c4cc(N5CCCC5)ccc4nc23)n(C)[nH]1,1,34.93
NC(Cc1ccccc1)C(=O)NCCNS(=O)(=O)c1cccc2ccncc12,1,31.96
O=C1Nc2ccc(Br)cc2C12Cc1ccccc1C2=O,1,21.44
CCNC(=O)C1(Oc2ccc(-c3cccc(C#N)c3)cc2)CCOCC1,1,25.49
O=C(O)c1ccc(-n2c3ccccc3c3ccccc32)cc1O,1,22.63
CCn1cc(CN2CCC(Oc3cnccn3)CC2)cn1,1,25.49
COCc1ccc(N2C(=O)CCNC2=O)cn1,1,32.64
O=C1NC(=S)NC(=O)C1=Cc1cn(C(=O)C=Cc2ccc(Cl)cc2)c2ccccc12,1,25.96
N#Cc1ccc(-c2nc3ccccc3[nH]2)cc1,1,18.67
O=C(OCc1cccc(-c2ccccc2)c1)C1CC1c1ccc(-c2ccccc2)cc1,1,32.37
CCc1[nH]c2c(cc(C(=O)NC3CCN(C)CC3)n2C)c1CC,1,32.84
Cc1csc(N2CCN(C(=O)Cn3nc(C)nc3C)CC2)n1,1,23.59
Cc1ccccc1C(=O)NC(Cc1ccc(OCc2ccccc2)cc1)C(=O)O,1,23.92
Cc1cc(CC(OC(=O)N2CCC(c3ccccc3)CC2)c2ccc(C(=O)NS(C)(=O)=O)cc2)cc2c[nH]nc12,1,30.16
O=C(N=c1c(Cl)c[nH]cc1Cl)c1sc(=Nc2ccc(Cl)cc2)[nH]c1C1CC1,1,33.39
Cc1ccc2oc(=O)n(CC(=O)Nc3ccc(C(F)(F)F)cc3)c2c1,1,24.27
C=C(Br)C(=O)Nc1ccc2[nH]c(=O)c(=O)n(CC3CCCCC3)c2c1,1,31.92
CC1CC(C)CN(S(=O)(=O)c2cccc(C(=O)Nc3cccnc3)c2)C1,1,24.56
CC1CCC2CCC3=CCC(=O)C3(C)CC12,1,26.75
c1ccc(CNC2CCC(OCc3ccccc3)CC2)cc1,1,23.54
CCN(CC)C(=O)c1ccc(OC)c2nc(C(=O)CC(=O)C(=O)O)ccc12,1,41.47
Cc1cn2c(C=NN=C(N)N)c(-c3cccs3)nc2s1,1,20.48
CCCNC(=O)NC1NCC(C)(C)C1O,1,29.97
CC(C)(C)c1ccc(N2CCC(O)C2CO)c(F)c1,1,29.88
COc1cc(OC)c2c(=O)oc(CC(N)CCCCN)nc2c1,1,30.02
Cn1cc(C2=NN(c3ccccc3)C(c3ccc(Br)cc3)C2)c(=O)[nH]c1=O,1,25.8
CCS(=O)(=O)CCN1CCC2Oc3cccc4c3C35CCC(C13)C(C4)C2(OC)C5,1,50.0
Cc1ccc(S(=O)(=O)CC(=O)N=c2ccc(Cl)c[nH]2)cc1,1,20.23
O=C(Nc1ccccc1)c1nc(S(=O)(=O)Cc2ccc(F)cc2F)ncc1Cl,1,26.35
O=C(N=c1[nH]c(-c2ccccn2)cs1)c1ccc(Cl)cc1Cl,1,21.2
COc1cccc(-n2c(=O)[nH]c(O)c(C(=O)Nc3cccc(F)c3)c2=O)c1,1,24.35
COCCn1c(=S)[nH]c2cc(C(=O)NCc3ccco3)ccc2c1=O,1,19.55
Cc1c(N2CCCC2c2ccc(NC(=O)CCN3CCCC3)cc2)nc[nH]c1=NC1CC1,1,38.5
Cc1ccc(S(=O)(=O)N(C)CCC(=O)N2CCC(C)CC2)cc1C,1,27.47
COc1ccc(NC(=O)c2ccc3c(c2)N(Cc2ccccc2)CCO3)cn1,1,28.42
COc1cccc(CC(=O)NCC(c2ccccn2)N2CCc3ccccc3C2)c1,1,29.05
CCCCN(CCCC)C(=O)C(=O)c1cc(OC)nc2cc(OC)c(OC)cc12,1,27.2
COc1ccc(-c2csc3nc(N=c4nccc[nH]4)[nH]c(=N)c23)cc1,1,27.54
CN(C)C(=O)COc1ccc2c(c1)CCc1cc(Nc3ccc(F)cc3F)ccc1C2=O,1,29.7
NS(=O)(=O)c1ccc(CCN=Cc2ccc(C(F)(F)F)cc2)cc1,1,21.37
CCOC(O)c1[nH]c2cc(-c3cc(Cl)ccc3O)[nH]c(=O)c2c1C,1,29.06
COc1ccc(OCC(=O)NCCCN(C)C)cc1,1,21.52
COc1ccc(CC2c3cc(OCCNS(=O)(=O)Cc4ccccc4)ccc3CCN2C)cc1-c1ncc(C)s1,1,38.59
CC(C)CCN1CCN(CCn2cccn2)CC1CCO,1,22.21
CCCc1ccc(-c2nc3n(n2)-c2ccccc2C(c2ccc(-n4cncn4)cc2)=NC3Cc2c[nH]c3ccccc23)cc1,1,42.56
O=C(NC1CCSCC1)c1ccc2[nH]c(=S)oc2c1,1,30.55
Cc1ccc(C=C2CN(C)CC3C2=NC(=S)NC3c2ccc(F)cc2)cc1,1,20.43
CCCC1CCCC2(COC2(O)CCn2nc(OC)cc2C(=O)NC)O1,1,48.93
Nc1ccc(C(=O)N(CCCN2CCC(c3noc4cc(F)ccc34)CC2)c2ccccn2)cc1,1,35.74
Cc1ccc(OCC(=O)NNC(=O)c2snnc2C)c([N+](=O)[O-])c1,1,28.11
CC1CN(C(=O)C(CCCCN)NC(=O)CCCN2C(=O)C=CC2=O)CC(C)O1,1,35.61
NCc1ccc(C(=O)NCCCN2CCCC2)cc1-c1ccc(O)c2ncccc12,1,35.4
CS(=O)(=O)Nc1ccc(-c2ccc(N=c3[nH]c4ccc(C(F)(F)F)cc4n3CCCN)cc2)cc1,1,31.22
CCCOc1cccc(OC)c1-c1cc(-c2ccccc2)n[nH]1,1,28.97
CCOc1cc(C=C(C#N)C(=O)NC)ccc1OCC(N)=O,1,24.49
CC(C)N=c1[nH]c2nonc2nc1N1CCCCC1,1,22.34
COc1ccc(OC)c(-c2cc(C(=O)NN=Cc3c(F)cccc3C(=O)O)nc3c2oc2ccccc23)c1,1,46.97
CN(C)S(=O)(=O)NC1CCN(c2cncc(-n3cccn3)n2)CC1,1,28.43
C=Cc1ccc(Cc2cc(OC)cc3c(OCc4ccc(CN5CCN(c6ccc(C(F)(F)F)cc6)CC5)nc4)cc(OC)cc23)cc1,1,47.4
O=c1[nH]c(CSc2nnc(-c3ccco3)o2)nc2c1cnn2-c1ccccc1,1,29.28
Cc1ccc(-c2nc(=O)n(CC(=O)NCC(F)(F)F)c3[nH]c(=O)ccc23)cn1,1,35.6
C#CCNC(C)Cc1ccccc1,1,17.8
Cc1cc(OCc2ccc(F)c(F)c2F)cc(=O)n1Cc1c(F)cccc1C(F)(F)F,1,28.82
CC1(C)CC(O)(c2ncc(-c3cc(N4CC5CCC4C5)cnc3C(N)=O)s2)CCC1C(=O)O,1,36.41
O=c1[nH]c2ccc(-c3n[nH]c(-c4ccc(Cl)c(Cl)c4)n3)cc2[nH]1,1,26.37
O=C(CSc1n[nH]c(=NC(=O)c2ccco2)s1)c1ccccc1,1,21.23
COc1ccc(CC(=O)N=c2[nH]n(Cc3cc4c(C)cc(F)cc4cc3OCCCN3CCCOCC3)c3ncccc23)cc1OC,1,68.71
N#Cc1c[nH]c2c(N3CCOCC3CO)cccc12,1,28.83
CCCCCCCCCCCCc1cn(C2OC(COC(C)=O)C(OC(C)=O)C(OC(C)=O)C2O)nn1,1,27.9
CCCCOc1cccc2c(C3=C(c4cn(CCCO)c5ncccc45)C(=O)NC3=O)cn(C)c12,1,31.42
CC(C)N=c1cc(-c2c(-c3ccc(F)cc3)nc(C(C)C)n2CCC#N)cc[nH]1,1,27.14
Cc1ncccc1-c1nnc(SCCOc2ccccc2)n1C,1,24.5
CC(=CCO)CCCC(C)(C)C1CCC(O)C12CO2,1,32.76
COc1ccc(NC(=S)N2CCN(Cc3ccccc3)CC2)cc1OC,1,20.34
N#Cc1ccc(C(=O)N(c2cccc(N3CCNN3)n2)S(=O)(=O)c2ccccc2)cc1,1,42.14
CCOC(=O)C(NC(C)=O)C(C(=O)c1ccc(Cl)cc1)=C(C#N)C#N,1,36.44
COc1ccccc1-n1cc([N+](=O)[O-])nc1C,1,21.78
Oc1ccc(N=Nc2nc(-c3cccs3)cs2)cc1,1,23.18
O=C(Cc1ccc(F)cc1)Nc1cccc(CN2CCCN(CC3CCCO3)CC2)c1,1,30.76
COc1cccc(C=CC(=O)c2ccc3ccccc3c2OC(C)=O)c1OC,1,27.41
N=c1cnc(-c2ccc(-c3ccccc3S(=O)(=O)C3CC3)cc2F)c[nH]1,1,19.28
CCCC(=O)N=c1ccc2nn(Cc3ccc(NC(=O)Nc4ccccc4)cc3)nc2[nH]1,1,30.85
O=C(Nc1ccc(O)cc1)c1ccc(N=c2cc[nH]cc2)cc1NC(O)c1ccoc1,1,41.29
COc1ccc(C(=O)Oc2cccc3c2C(=O)C2=CC(=O)C(OC)(C(=O)c4ccccc4)C(=O)C2C3=O)cc1,1,41.73
COc1ccc(C=NNC(=O)c2[nH]nc3c2CCC3)cc1OC,1,21.35
O=C(Nc1ccc(Cl)c(Cl)c1)C1CCCN(C(=O)c2ccc(Cl)cc2)C1,1,22.77
CC(C)C(NC(=O)NCc1ccccc1)C(=O)Oc1ccccc1C(N)=O,1,28.46
COC(=O)Cc1ccc(NC(=O)c2ccccc2C)cc1,1,23.02
CCN(C(=O)c1ccccc1)C1Cc2cc(OC)c(OC)cc2C1C(O)c1ccccc1,1,38.15
COc1cc(-n2cc(COC(=O)C34CCC(C)C(C)C3C3=CCC5C6(C)CCC(O)C(C)(C)C6CCC5(C)C3(C)CC4)nn2)cc(OC)c1OC,1,29.85
COc1c(-c2ccc(F)c3c2CN(C(=O)CC(C)(C)C)CC3)cc(CC(=O)O)cc1C(F)(F)F,1,29.36
CC1CN(CC(O)COc2cccc3c(S(=O)(=O)c4cccc(F)c4)cccc23)C(C)(C)CC1C,1,38.99
NCCCSCCCS(=O)(=O)Oc1cccc2c(-c3ccccc3)coc12,1,38.38
Clc1nc(=NC(Cn2ccnc2)C2CCCCC2)[nH]c2cscc12,1,39.92
O=C(CCl)NC(=O)c1ccncc1,1,24.19
O=C(COc1ccc(CC23CC4CC(CC(C4)C2)C3)cc1)NCCCN1CCCC1=O,1,30.84
CCCC(C(O)C(O)=NO)C(NC(=O)C(=O)NC(COC)C(=O)NC(CC(=O)O)C(=O)N(C)C)C(C)C,1,49.03
COc1ccc([N+](=O)[O-])cc1Cl,1,19.78
NC(=O)c1cncc(C#Cc2ccc(-c3ccccc3C(=O)O)o2)c1,1,38.4
O=c1c2c(=O)n(CCN3CCOCC3)c3cc4ccccc4cc3c2ncn1-c1ccc(F)cc1,1,32.16
CCN(CCCc1ccc(Cl)cc1)Cc1ccccc1N(c1ccccc1)c1ccccc1,1,35.4
Cc1cc(=NCCO)[nH]c2ccccc12,1,20.3
COc1ccc(NC(=O)c2ccc(C)c(N=c3[nH]cnc4cnc(N5CCOCC5)nc34)c2)cc1C(F)(F)F,1,20.72
O=C(NC1CCCCC1)N1Cc2ccccc2C1CO,1,26.06
CC(N=c1[nH]c(-c2ccc(S(C)(=O)=O)cc2)cc2ncn(C)c(=O)c12)c1ccc(C(F)(F)F)cc1,1,27.45
O=C(O)c1c(-c2cccnc2)c2cc(F)ccc2n1Cc1ccc([N+](=O)[O-])cc1,1,32.21
CC(=O)Oc1ccc2cccc(CC(O)COc3ccccc3C)c2c1,1,37.3
CC(=O)N(C)c1ncc(C(=O)Nc2ccc(C)c(CN3CCOCC3)c2)s1,1,33.34
COc1cc(=NS(=O)(=O)c2ccc(NC(=O)C3CCCCC3)cc2)[nH]c(OC)n1,1,21.49
N#CC(=Cc1cn(CC(=O)O)c2ccccc12)C(N)=S,1,22.86
C=CCN(CC(=O)NC(CC(C)C)C(=O)NC(Cc1ccccc1)C(O)c1nc2ccccc2s1)Cc1cccc2cccnc12,1,47.32
CCN(CC)N=Nc1[nH]c(=O)[nH]c(=O)c1C(=O)N(C)C,1,26.51
CN(C)C=Nc1nc2ccccc2c(=O)[nH]1,1,22.29
CC(C)N1CC(c2ccccc2Cl)CCC(NCc2ccc3c(n2)NC(=O)CO3)C1=O,1,29.84
CN(C(=O)CCCl)C1CCc2ccccc21,1,24.94
O=S(=O)(N=c1[nH]ccs1)c1ccc(N=Cc2cccc(O)c2)cc1,1,24.95
CC(C)(F)CC(O)(CN1CCC2(CC1)CNC(C(=O)O)C2)c1nc(-c2ccc3ncnn3c2)c(-c2ccc(F)cc2)[nH]1,1,48.04
CC1=CCC(C2(C)C(Oc3c(C)oc4cc(O)cc(O)c4c3=O)c3c(O)cc(C)cc3OC2(C)C)CC1,1,41.76
CCOC(=O)c1oc2c(OC)cccc2c(=O)c1Nc1c(C)cccc1C,1,27.4
Cn1nc(S(=O)(=O)NCc2ccc([N+](=O)[O-])cc2)c2cccc(C#N)c21,1,35.75
O=C(O)c1ccc(COc2ccc(C=C3SC(=S)N(c4ccccc4)C3=O)cc2)cc1,1,19.29
Cc1c(O)ccc2c1OCC1Oc3ccc([N+](=O)[O-])cc3C21N,1,39.66
COc1cc(C(=O)C=Cc2ccnc(Cl)c2)cc(OC)c1OC,1,21.31
Cc1ccc(NC(=O)N(C)C)cc1Cl,1,20.15
COc1cccc(-c2cc3c(cn2)CCc2c(ccc(-c4nc(C)cnc4C)c2C)C32CCOC(=N)N2)c1,1,43.83
CC(C(=O)NCc1cccnc1OCc1cc(=O)n2c(n1)CCCC2)N1CCOCC1,1,40.99
O=C(Nc1ccccc1)N1CC2(CCN(c3ncccn3)CC2)C1,1,23.21
CC1CC(C#Cc2[nH]c3cccc4c3c2Nc2ccc(S(=O)(=O)NC(C(=O)O)C3CC3)cc2-4)[N+]1(C)C,1,53.4
Cc1onc(-c2ccccc2Cl)c1C(=O)N(CCN)c1cccc(Cl)c1,1,27.75
Cc1cc2c(cc1S(=O)(=O)NCc1ccc(F)cc1)n(C)c(=O)c(=O)n2C,1,22.3
CN(C)C=Nc1nc(-c2ccc(Cl)cc2)c(-c2ccc(Cl)cc2)[nH]1,1,23.33
C=C(C(=O)OCC)C1CCC2(C)C(CCC3=CC(O)C(C)CC32)C1=C,1,39.8
Cc1cc(N2CCN(Cc3ccccc3C)C2=O)n2cnnc2n1,1,30.87
CC1(c2ccc(S(C)(=O)=O)cc2)CC1C(=O)N=c1ccc(Cl)c[nH]1,1,26.57
O=S1(=O)Cc2cccc(CO)c2N1CCc1ccccc1,1,31.64
NC1CCc2cc(Br)cc(Cl)c2CC1=O,1,24.35
Cc1[nH]c(=Nc2ccc(C(F)(F)F)cc2)sc1NC(=O)c1ccc(CN2CCNCC2)cc1,1,26.84
FC(F)(F)c1cc(CCNC2c3ccccc3SCc3cccnc32)cc(C(F)(F)F)c1,1,29.29
CN1CCN(NC(=O)C(C)(C)C)CC1,1,20.97
COc1cccc(CCc2cc(OC)cc(OC)c2)c1,1,18.18
COc1ccc(NC(=S)Nc2cc(C)ccc2C)c(OC)c1,1,22.25
CC(C)(c1ccc(OCCCN2CCC(C(=O)NC(c3ccccc3)c3ccccc3)CC2)cc1)C(F)(F)F,1,30.11
N#Cc1ccccc1C(C#N)N1CCN(C(=CCC23CC4CC(CC(C4)C2)C3)c2ccc(F)cc2)CC1,1,44.3
COc1cccc(N2C(=O)c3ccc(C(=O)O)cc3C2=O)c1,1,19.92
CCCCOc1ccc(C(=O)OC)cc1-c1nnc(-n2nnc3ccccc32)o1,1,39.82
FC(F)(F)c1ccc2ncc(-c3cnc4[nH]ccc4c3)n2n1,1,26.41
CN(C)C(=O)c1ccc(F)c(OCCCONC(=N)N)c1,1,24.22
Cc1cc(Cl)cc2c1OC1CN=C3CC(=O)N(Cl)C(C)(C)C3C21C,1,50.9
CC(=O)OCC12CC=C(C(C)C)C=C1CCCC2C,1,31.16
CCN(Cc1cccs1)c1cc(O)n(-c2ccc(C)cc2)c1O,1,26.66
COc1cc(NC(=O)Nc2ccc(N=c3[nH]cnc4cc(OCCN5CCCC5)c(OC)cc34)cc2)cc(C(C)(C)C)c1,1,31.0
CN(Cc1ccc(C(=O)Nc2cc(-c3cccs3)ccc2N)cc1)CC1CCCC1,1,28.38
COc1cc2c(c(OC)c1)OC(CN=c1[nH]cccc1Br)C2,1,33.6
CCOCCN1CCN(C(=O)c2onc(C)c2Cl)CC1,1,25.59
O=[N+]([O-])c1cccc(-c2cccc(Cl)c2)c1,1,22.29
C=CCCN1C(=O)C=CC1=O,1,21.54
CSc1ccc(C(C)(C)c2ccc(N=O)nc2)cc1,1,33.79
Cc1ccc[nH]c1=NC(O)c1cc(O)n(-c2ccccc2)c1,1,22.02
CSCC(O)C(CC(=O)O)NC(=O)C(CC(C)C)NC(=O)C(N)CC(C)C,1,34.15
CS(=O)(=O)C1=NN2C(=N)C(=Cc3coc4cc(Cl)ccc4c3=O)C(=O)N=C2S1,1,26.05
CCc1cccc(CC)c1NC(=O)NCc1cc2ccccc2nc1N1CCCC1,1,30.86
CCOC(=O)C1C(=O)N(Cc2snnc2-c2ccc3ccccc3c2)C2c3c(C(=O)OC)cccc3C2C1(C#N)C#N,1,62.34
COCC(C)NCc1nnc(S(C)(=O)=O)n1-c1ccccc1,1,30.28
O=C(Cn1cccnc1=O)Nc1ccc2c(c1)[nH]c(=O)c1ccccc12,1,34.0
CCCCCCCC#Cc1ccc2c(=Nc3cc(OC)ccc3F)c(C(N)=O)c[nH]c2c1,1,33.85
NC(=S)Nc1ccc(F)c(Cl)c1,1,20.36
O=c1cc(-c2ccccc2)oc(N2CCOCC2)c1,1,17.09
CCCCCCCOc1ccc(Oc2ccc(-c3cc(F)cc(CN=[N+]=[N-])c3)cc2)cc1,1,37.6
Cc1nc2ccc3[nH]c(=O)c(C)nc3c2nc1C,1,27.1
O=S(=O)(c1ccccc1)c1cccc2c(-c3nnc(-c4ccccc4F)o3)c[nH]c12,1,32.95
CC(=O)Nc1ccc(NC(=O)CN(C)S(=O)(=O)c2cccc3nsnc23)cc1,1,24.44
Cc1ccc(S(=O)(=O)N2CSCC2C(=O)N=c2[nH]ccs2)cc1,1,26.54
O=C1CN(C(=O)CN2CCN(c3ccccc3)CC2)c2ccccc2N1,1,21.38
O=C(c1ccccc1)N1CCC(NCCc2cccs2)CC1,1,25.94
NC(Cc1cc(F)c(F)cc1F)C1CN(C2CCCc3cccnc32)CCN1C(=O)CN1C(=O)COc2ccccc21,1,41.05
CC(C)CC(N)CC(=O)NC1C(O)OOC(CO)C1O,1,29.8
CC(C)(C)OC(=O)NCC(=O)N=c1[nH]c(-c2ccc(F)cc2)cs1,1,25.33
O=C(Nc1ccc(Sc2ccccc2)cc1)C(O)(C(F)(F)F)C(F)(F)F,1,26.65
CCOc1cc(NC(=O)C2c3ccccc3COc3ccccc32)ccc1C=NOC,1,36.7
CCOc1ccccc1N(Cc1ccccc1-c1ccccc1)C(=O)C(Cl)(Cl)Cl,1,34.03
CSc1ccc(S(=O)(=O)Nc2cccc(C)c2)cc1,1,20.54
CC(C)(C)c1csc(C(=O)N2CCCC2)n1,1,24.5
Cc1occc1C(=O)N1CCCC(n2ccnc2)C1,1,21.44
CCCC(N)C(O)CC(C)C(=O)NC(C(=O)NCC(=O)NCCC(C)C)C(C)C,1,38.97
c1ccc2c(c1)OCCC2n1ccnc1,1,19.89
CCCc1cc(C(=O)NCc2ccco2)sc1C,1,20.73
O=C(NCC(O)c1ccccc1)Nc1ccc(Cl)cc1,1,20.31
Cc1cc(C)cc(C(=O)c2cccc(-c3n[nH]c(=O)c4ccccc34)n2)c1,1,30.6
O=C(N=c1ccc(C(=O)O)c[nH]1)Nc1cccc2ccccc12,1,24.43
O=C(Nc1ccc(F)cc1)c1ccc2[nH]c(=O)c(Cc3ccccc3)cc2c1,1,28.27
Cc1c(-c2ccc(Cl)cc2)[nH]c2ccccc2c1=O,1,19.02
Cc1c(Br)c(=O)oc2c(O)c3c(cc12)CCCC3,1,27.46
N#CC(Cc1ccc(C2=CCNC2)cc1)NC(=O)C1CCS(=O)(=O)C1,1,24.7
CCCCCOc1ccc2c(=NC(C)(C)CCCN)cc(OCC(O)COC(=O)OC)[nH]c2n1,1,54.13
CSc1nc(=Nc2cccc3c2CC(F)(F)C(F)(F)O3)cc[nH]1,1,32.33
CCc1cc(C(=O)Nc2cc(OC)c(OC)nc2N2CCC(C3CC3)CC2)on1,1,35.13
Cc1cc(N=S2(=O)CCCC2)cc2[nH]cc(C#N)c(=Nc3cc[nH]n3)c12,1,24.92
CNC(=O)Nc1ccc(-c2nc(N3CCOCC3C)c3cnccc3n2)cc1,1,25.45
C#CCN(Cc1ccc(C(=O)NCCC(=O)O)cc1)c1ccc(C(=O)NCc2cccnc2)cc1,1,24.68
CC1(C)CN(C2CCN(Cc3ccncc3)CC2)C(=O)C1(C)c1ccccc1,1,26.86
C(=Cc1ccccc1)CN1CCC(CCc2ccccc2)CC1,1,19.58
O=C1c2cc(-c3ccc(C(F)(F)F)cc3)ccc2OCCN1Cc1ccc(C(F)(F)F)cc1,1,22.17
CCN(C)c1cc2c(=Nc3cc(C(=O)N=c4cc(C(C)(C)C)o[nH]4)ccc3C)[nH]cnc2[nH]1,1,30.73
CC(=O)Nc1ccc(S(=O)(=O)Nc2ccc(Cl)c(C(=O)NCc3cccs3)c2)cc1,1,30.1
COc1ccc(-n2ccnc2C)cc1NC(=O)c1cccc2[nH]c(-c3ccncc3)nc12,1,32.99
CC(=O)C1(c2ccccc2)CCN(CCC#N)CC1,1,24.88
COc1ccc(-n2cc(C(=O)N3CCCC3)c(-c3ccncc3)n2)cc1,1,22.7
CC1(C)CCCC(C)(C)N1CC(O)CNC(=O)CNC(=O)c1ccc(F)cc1,1,29.68
CCC(CC)NC(=O)c1ccc(C2CC2)c(OCC2CC2)n1,1,20.08
Cc1sc2nc[nH]c(=N)c2[n+]1Cc1ccc2ccccc2c1,1,25.5
Cc1[nH]c(Cc2ccccc2)nc1CCC(=O)N1CCN(c2ccccn2)CC1,1,24.27
O=[N+]([O-])c1ccc(CNCCCCN=c2cc[nH]c3cc(Cl)ccc23)c2ccccc12,1,29.43
Cc1cc(=O)c2cc3c(C)coc3cc2o1,1,22.4
COc1c(C(C)=O)cccc1-c1c(-c2ccc(F)cc2)oc2cc(O)c(CCCOC(C)=O)c(C)c12,1,44.48
CC(=NNC(=O)OC(C)C)c1ccc(NC(=O)c2ccncc2)cc1,1,27.06
CCCNC(=O)C1CCN(Cc2cccc(NC(=O)c3cccnc3)c2)CC1,1,25.7
CCNC(=O)NC(=O)Cn1c(O)c(C(C)=NCCN2CCOCC2)c(O)c(C)c1=O,1,45.31
Cc1ccc(C(=O)OCC(=O)Nc2ccc(C)c(S(=O)(=O)N3CCOCC3)c2)o1,1,23.98
C=C1Cc2ccccc2CC1CN1CCC(c2c[nH]c3ccccc23)CC1,1,31.36
CN1OC2(N=C1N)c1ccc(OCc3ccccc3F)cc1CC21CC1,1,29.54
O=C(O)COC(=O)C=Cc1cccc(F)c1,1,21.09
O=C(O)c1ccccc1C(=O)N1CCN(c2ccc3c(c2)OCO3)CC1,1,25.22
Cn1cc(-c2ccc3c(=O)cc(N4CCOCC4)oc3c2)c2sc3ccccc3c21,1,29.85
COC(=O)c1ncc(C)cc1C(F)(F)F,1,24.08
CC1C(O)CCC(C2CCC3=CC(=Cc4ccc(OCCCn5ccnc5)cc4)C(=O)C32C)CCC2(CCCO)CC(=O)C12,1,58.16
COc1cccc(N=c2[nH]c(C3CCCN3)cs2)c1,1,22.38
NCCCC(NC(=O)c1ccccc1)C(=O)NCc1ccc(CN)cc1,1,25.37
CS(=O)(=O)N(Cc1ccc(F)c(C(F)(F)F)c1)N(Cc1ccc(C(F)(F)F)cc1)c1cccc(C(F)(F)F)c1C(F)(F)F,1,35.65
O=C(NCc1ccc(F)cc1)c1ccc(CN2CCCC2=O)cc1,1,23.89
O=C(NC1CC2CCC1C2)c1ccccc1,1,23.21
CCCC(C1CCCN1C)C1CN(CC(=O)NCC(=O)O)C(=O)N1CC1CCC(C(=O)NC(C)c2ccccc2)CC1,1,53.21
COC(=O)c1ccccc1CN1CC(CO)OC(n2cc(C)c(=O)[nH]c2=O)C1,1,26.75
O=C(O)Cc1ccc2[nH]c3ccccc3c2c1,1,21.65
CC(NC(=O)Nc1cc(-n2c(C(F)(F)F)nn(Cc3cccc4c3cnn4-c3c(F)cccc3F)c2=O)ccc1OC(F)(F)F)C(=O)O,1,54.81
Cc1cn2cc(C(=O)O)cc2c(C#Cc2c(F)cccc2F)n1,1,24.27
COC(=O)C1Cc2c([nH]c3ccc4ccccc4c23)NN1,1,30.51
O=C(Nc1c(Cl)cccc1C(=O)O)c1cc2ccccc2[nH]1,1,26.66
N#Cc1c(F)cccc1C=CC(=O)N1CCC2(CC1)OCc1ccccc12,1,34.17
CCCc1cc(N=c2cc[nH]c(=O)[nH]2)ccc1OC(=O)c1ccccc1,1,33.5
Cc1ccc(-n2c(CC(=O)Nc3cccc(F)c3)c(O)n(C3CCCC3)c2=O)cc1,1,28.2
CN1CCc2[nH]c(=NC(=O)c3cc(CC4CC4)cc(-n4ccc5ccccc54)c3)sc2C1,1,41.49
CC12CC(OCC(=O)O)CCC1=CCC1C2CCC2(C)C(c3coc(O)c3)CCC12O,1,29.89
CSCCC(NS(=O)(=O)c1ccc(NC(C)=O)cc1)C(=O)NCC(c1cccs1)S(=O)(=O)c1ccc(C)cc1,1,33.33
CCOC(=O)C1=C(C)N(CC(=O)NCCc2nc(C)c(C)s2)C(=O)C1(CC)CC,1,29.71
CNC(=O)c1ccc(C(CCCCC(=O)O)c2ccc(F)cc2)c(-c2cc(C)cc(C)c2)c1,1,43.11
OC1CN=C(Nc2ccccc2)NC1,1,18.42
Cc1noc(CCCC(O)=NO)n1,1,24.54
C=Cc1cn(-c2cc3ccc(N(CC)CC)cc3oc2=O)nn1,1,26.21
C#CC1(O)CCC2C3Cc4c([nH]c5ccccc45)C(NC(=O)CC)C3CCC21C,1,30.66
N=c1ncc(-c2nc(N3CCOCC3)nc3c2CCN3C2COC2)c[nH]1,1,18.33
CC(CN=c1nc[nH]c2sc3c(c12)CCCCC3)c1ccccc1,1,25.29
COc1ccc(Oc2ncccc2C(=NO)Nc2ccccc2)cc1,1,20.32
Cc1ccc(-c2cc(C(=O)Nc3ccc(C(N)=O)cc3)nn2-c2ccc(S(N)(=O)=O)cc2)cc1,1,28.91
NC(=O)c1cnc2cc(C(=O)CCCCCc3ccccc3)oc2c1,1,27.51
N=c1cc[nH]c(N2CCOCC2)n1,1,19.33
CC(=O)Nc1ccc(C(=O)OCC(=O)NC2CCCC(C)C2C)cc1[N+](=O)[O-],1,27.26
O=c1cccc2n1CC1CC2CN(c2ncccc2NCc2ccco2)C1,1,32.89
O=C(c1ccco1)N1CCN(C(=O)C2CCCO2)CC1,1,19.93
CCN(CC)CCCCCN=c1[nH]c(SCCC#N)nc2sc3c(c12)CCCC3,1,34.2
CCn1c(=O)nc(SC)c2[nH]c(-c3c(C)cccc3C)cc21,1,32.77
CC1CCC(C)N1CC#Cc1cccc(-c2cnc(=N)[nH]c2)c1,1,29.34
CCCCSc1nc2cc(Cl)ccc2n1S(C)(=O)=O,1,27.91
C=CCc1ccccc1OCC(=O)NNC(=O)c1ccc(OC)cc1,1,26.71
N=c1[nH]nc(CC(=O)NCc2ccc(F)cc2)s1,1,21.42
Cc1ccccc1-c1nnc2c(n1)-c1sc(C(C)C)cc1CCC2,1,29.66
CCCCOc1cc2c(cc1Cl)c(=O)c(C#N)cn2CC,1,29.2
CC(=O)c1cnc2sc(C(=O)Nc3ccc4c(c3)OCCO4)c(N)c2c1,1,31.54
CN(CCC(=O)O)C(=O)Cn1nnc(-c2ccc3c(c2)CCCC3)n1,1,34.49
C=CC(=O)Nc1ccc(Br)cc1N=c1nc[nH]n2ccc(C)c12,1,26.38
COc1ccc(-n2ccnc2SCC(=O)Nc2ccc(C3=NS(=O)(=O)CC3)cc2)cc1,1,32.52
O=C(c1ccccc1)N1CCC(CCN2C3CCC2CC(n2ccc4ccccc4c2=O)C3)(c2ccccc2)CC1,1,26.69
COC12Cc3ccc(O)c4c3C13C(O4)C(NC(=O)C=Cc1ccc(Cl)c(Cl)c1)CCC31CCC2O1,1,35.3
CC(C)(O)c1noc(CCc2nc3ccccc3n2Cc2cc(OC(F)(F)F)ccc2-c2cccc([N+](=O)[O-])c2)n1,1,54.39
O=Cc1ccc(CCC(=O)O)c(C(=O)O)c1,1,24.17
COc1ccc(C(=O)Nc2cc3sc(SCC(=O)NCc4ccccc4)nc3cc2C)cc1-c1cccc(F)c1,1,36.08
CC1(C(=O)NS(=O)(=O)c2ccc(Cl)cc2)CCN1C(=O)c1cccc2ccccc12,1,25.31
Cc1ccc(NC(=O)C(=O)Nc2ccc(OC(F)F)cc2)cc1C,1,27.78
NC(=O)Cc1n[nH]c(=NC(=O)Cc2ccccc2)s1,1,23.21
CCCn1c(=O)c2[nH]c(-c3cnn(CC4CCC(F)(F)CC4)c3)nc2n(CCC)c1=O,1,24.85
CCOC(=O)NCCOc1ccc(-c2ccc(OCC(=O)O)c(C(C)=O)c2)cc1C(C)=O,1,41.2
Cc1ccncc1-c1cc(C(F)(F)F)cc2c1CC(Nc1ccc3[nH]cnc3c1)CO2,1,43.13
CCCCCCCCCCCn1cc(CCOCC2OCC3(COC(CCCCCC)OC3)OO2)nn1,1,42.41
Cc1ccc(C=CC(=O)c2ccc(N=c3[nH]c(=NCCN(C)C)[nH]c(=Nc4cccc(F)c4)[nH]3)cc2)cc1,1,29.9
CC(C)c1nn(CC(=O)N2C(C(=O)NC(CC3CC3)C(=O)NC3(C#N)CC3)CC3CC32)c2ccccc12,1,31.8
COc1ccccc1C=CC(=O)NCCCOC(C)C,1,24.54
Cc1ccc(NC(=O)CN2C(=O)C[S+]([O-])c3ccccc32)c(C)c1,1,25.55
CC(NS(=O)(=O)c1ccc(SCCC(=O)N2CCNCC2)nc1)C(=O)O,1,39.0
CCCc1cc(=O)oc2cc(C(C)CC)c(O)cc12,1,26.58
CCc1ccc(C(NCC(=O)NCCC(=O)O)c2ccc(Cl)cc2)cc1,1,35.58
Cc1cc(-c2n[nH]c(=Nc3ccc(Cl)cc3)o2)c(C)n1-c1ccc(Cl)cc1,1,27.23
COC(c1ccc(C2CN(c3nccc(C)n3)C2)cc1)c1cnn(-c2ccccc2)c1,1,34.27
COc1ccc(C(C#N)N2CCN(c3cc4c(cc3F)c(=O)c(C(=O)O)cn4C3CC3)CC2)cc1,1,25.67
OC1(C(F)F)CCC(c2ccc(F)cc2)C(c2ccccc2)C1,1,30.1
O=C(Cn1c(=O)c2cccn2c2ccccc21)Nc1ccc([N+](=O)[O-])cc1,1,28.93
Cc1n[nH]c2c1c(=O)oc1ccccc12,1,20.81
COc1cc(OCC2CCC(c3ccccc3O)O2)ccc1C=Cc1cc(C=Cc2ccc(OCCCCN(C)C)c(OC)c2)on1,1,38.34
Cc1cc(C#N)cc(NC(=O)c2ccccc2)c1O,1,25.39
COC(O)c1cc(O)c2c(O)c(-c3cccc([N+](=O)[O-])c3)cc(CC=C(C)C)c2n1,1,41.73
Cc1cn(C)c(C2CCCN2CC(=O)c2c(C)n(C3COC3)c3ccccc23)n1,1,41.93
CC(C)Oc1ccc(Br)cc1C=O,1,20.95
Fc1ccc2c(c1)N(C1CCN(c3nnc4ccccn34)CC1)CC2,1,24.69
Cc1cc(F)ccc1NC(=O)c1cccnc1N1CC2CCC(C1)O2,1,30.41
CN(C)c1ccc(Nc2ccc(NC(=S)NCCCN3CCN(c4ccccc4)CC3)cc2)cc1,1,32.91
CCOC(=O)c1ccc(-c2sccc2S(=O)(=O)N=c2o[nH]c(C)c2C)cc1,1,25.94
O=C(N=c1cc[nH]cc1)C(=O)c1c[nH]c2cc(Br)ccc12,1,23.5
Cc1cc(OCC2CNCCO2)cc2nc[nH]c(=Nc3cc(C(=O)Nc4ccccc4Br)ccc3Cl)c12,1,33.55
O=C(O)c1ccc(S(=O)(=O)N2CCc3ccccc3C2)cc1,1,20.36
CCC1CCN(c2nc(CCc3nc4c(C)ncc(C)n4n3)n(C)n2)CC1,1,25.06
CC(C)(C)OC(=O)N1CCC(COC(=O)Nc2ccccc2)CC1,1,20.95
CS(=O)(=O)c1cc(C(=O)N=C(N)N)ccc1C1=NCCN1,1,30.05
Cc1ccc(C(=O)NCCN2CCOCC2)cc1NC(=O)c1nc(-c2ccccc2C)ccc1N,1,30.06
CCc1c(-c2ncc(-c3ccc(-c4cccc5c4CN(C(=O)OCC(C)C)CCO5)cc3)cn2)c(C)nn1CC(=O)NC,1,50.21
Cc1ccc(C)n1Cc1ccc(CNC(=O)c2cccnc2)cc1,1,27.22
CC(O)CN1CCN(C2=C3OC(=O)c4cccc2c43)CC1,1,34.74
CN(CCc1ccccc1)C(=O)c1c(-c2ccc(F)cc2)ncc2c(CCC(=O)O)cccc12,1,42.01
CSc1cccc(NCc2nc(-c3ccc4ncnn4c3)c(-c3ccc(F)cc3)[nH]2)c1,1,24.35
O=[N+]([O-])c1ccc(N2CCN(c3ccccc3)CC2)c(C=NN=c2[nH]c3ccccc3[nH]2)c1,1,29.99
C=CCn1cc(C2(C3C=Cn4c(=O)n(C)c(=O)n4-c4ccccc43)OCOc3ccccc32)c2ccccc21,1,48.56
OCCn1c(=S)oc2ccccc21,1,20.93
CC1=CSC(=C(C#N)C(=O)NCc2ccco2)N1c1ccc(S(N)(=O)=O)cc1,1,28.75
CC(C)c1ccc(OCC(O)Cn2c(O)c3n(c2=O)Cc2ccccc2C3)cc1,1,27.62
COc1c(C(=O)N2CCOC(c3nc(C)n[nH]3)C2)c(C)nn1C,1,25.15
FC(F)(F)c1cccc(CN=c2nc(N3CCNCC3)cc(-c3ccccc3)[nH]2)c1,1,28.35
CCOC(=O)CN(C)Cc1[nH]c(=NC(=O)C2CN(S(=O)(=O)c3ccc(C#N)cc3)CC3CCC32)oc1C,1,55.59
COCCOCCN1CCN(c2cccc(C)n2)CC1,1,25.6
COc1ccc(CC2=NC(=S)N(c3ccccc3Cl)C2=O)cc1OC,1,22.69
Cc1nc(-c2ccc(OCc3cccs3)nc2C)c(-c2ccc(OC(F)(F)F)cc2)o1,1,35.56
COC(=O)c1ccccc1C(=O)N1CCN(Cc2ccco2)CC1,1,26.92
CN(Cc1ccnc(-c2ccccc2)c1)C(CC(=O)O)c1ccc(Cl)c(F)c1,1,30.35
COCC(=O)Nc1ccc(C)cc1C(=O)Nc1ccc(Cl)cc1,1,24.88
CCNCC1(C(=O)Nc2cc(OC)cc(C(F)(F)F)c2)CN(c2c(C)cccc2C)C(=O)C1C,1,24.38
CCN1C(=O)c2c(ncn2Cc2ccc(OC)c(C)c2)N2CC(C(C)(C)C)N=C12,1,29.4
Cc1ccc(CN(C)CC(=O)Nc2ccc(S(=O)(=O)N3CCCCC3)cc2)o1,1,27.07
CN1C(N)=NC2(c3ccccc3Cl)C1N1CC[N+](C)=C1C2(C#N)C#N,1,41.82
CSC(=NCCCC(NC(C)=O)C(=O)c1ccc(C=O)cn1)NC(=O)OCC1c2ccccc2-c2ccccc21,1,39.33
CN(C)CC1CC1c1ccc2oc(=O)[nH]c2c1,1,22.0
CCNS(=O)(=O)c1ccc(OCC(=O)NC2CCCC(C)C2C)cc1,1,24.03
CC(=O)c1cccc(NC(=O)NC2(C(=O)NCc3cccnc3)CCCCC2)c1,1,27.24
COc1ccc(-c2nc3cc(-c4nc5cc(-c6cncc7ccccc67)ccc5[nH]4)ccc3[nH]2)cc1OC,1,28.97
O=C(CC1CCC(C(=O)N2CCOCC2)NC1)NCc1cccc2ccccc12,1,30.08
Cc1noc(C)c1Cn1cc(-n2c(C(C)N=c3[nH]cnc(N)c3C#N)nc3c(Cl)ccc(F)c3c2=O)cn1,1,29.32
CNCC(C(=O)N1CCN(c2ncnc3ccsc23)CC1C)c1cccc(C(F)(F)F)c1,1,36.74
O=c1c2[nH]c3ccccc3c2ncn1CCCN1CCOCC1,1,21.01
CONC(=O)c1ccc(C(C)=O)s1,1,25.32
Cc1cccc(C2CN(C(=O)C3CCC3)CC2N=c2[nH]ccs2)n1,1,32.89
COc1cccc2nc(-c3ccc(Br)cc3)c3c(c(=O)c4ccccc4n3C)c12,1,35.48
N#Cc1ccc(N(C2CCC2)C(c2ccc(Br)cc2)c2cccnc2)cc1Cl,1,31.34
COc1cnc2c(OC)c(Cl)cc(Cl)c2c1,1,25.77
Cn1c(SCC(=O)Nc2ccc3c(c2)OCO3)nnc1C1CCCO1,1,24.92
O=C(O)C1NC(C(=O)O)C1c1ccc(-c2ccc(N3CCOCC3)cc2)cn1,1,34.97
COC(=O)C(Cc1ccccc1)NC(=O)C(Cc1ccccc1)NC(=O)C(Cc1ccc(O)cc1)NC(=O)C1CCCN1C(=O)OCc1ccccc1,1,33.16
CC(NC(=O)c1ccccc1)C(=O)NC(C(=O)O)C1OC(n2ccc(=O)[nH]c2=O)C(O)C1O,1,28.47
COc1ccc(NC(=O)c2cc3cc(C4CC45CCC(OC)CC5)ccc3o2)cc1,1,35.92
O=C(O)C1(c2ccc(-c3ccc(-c4ncccn4)n4ccnc34)c(F)c2)CC1,1,30.52
CC(C)(C)OC(=O)N1CC(F)CC1C(=O)NCC1CC(Br)=NO1,1,23.52
O=C(CCn1nnc2ccccc21)Nc1cccc([N+](=O)[O-])c1,1,24.09
CC(C)CN1CCc2ccccc2N(Cc2ccccc2F)S1(=O)=O,1,27.22
C=CCOC(=O)C=Cc1ccc(C(C)=O)cc1,1,24.58
CCNC1=NC(=O)C2(N1)c1ccccc1C1(NC)CCCCC12,1,29.86
COc1cccc(C(=O)N2CCCC(c3cc(C)sn3)C2)c1,1,27.89
CNC(=O)C1(C(=O)Nc2ccc(N=c3nc4c(c[nH]3)cc(C(=O)N(C)C)n4C3CCCC3)cc2)CCCCC1,1,27.35
COc1ccccc1N=c1[nH]c(=NCCOCCN=c2cc[nH]c3cc(Cl)ccc23)[nH]c(=NCC2CCCO2)[nH]1,1,31.11
CC(C)CC#Cc1ccc(C2C(CO)N3CCCCN(C(=O)c4ccccn4)CC23)cc1,1,25.09
OCc1cnc2scc(-c3cccnc3)c2c1O,1,32.11
COc1ccc(S(=O)(=O)c2ccc(-c3nc4cc(C(N)=O)ccc4[nH]3)cc2)cc1,1,23.1
Cc1ccc2c(CN3CCC(n4c(=O)[nH]c5ccccc54)CC3)c(C)[nH]c2c1,1,26.97
Cc1cc(-c2ccc(OC(F)(F)F)cc2)nn1-c1cnnc(N(C)C2COC2)c1,1,36.49
O=C(NC1(C(=O)NC(CCN2CCNC2=O)C(=O)NCCCNC2CCCCC2)CCCC1)c1ccc2ccccc2n1,1,41.69
C=C(C[N+](=O)[O-])N(C)C(=O)c1cccc(-c2ccccc2)c1,1,31.05
CC(=NOC(=O)c1cccc(C)c1)c1sc(-c2ccc(C)c(C)c2)nc1C,1,31.58
Cc1cccc2sc(N(Cc3cccnc3)C(=O)c3ccnc(Br)c3)nc12,1,28.32
CC1CCc2cc(-c3ccccn3)ccc2N1C(=O)c1cc(Cl)c(O)cc1O,1,21.24
Cc1ccc(OCCCCCCN2CCN(C)CC2)cc1,1,19.12
O=C1NC2(CCCC2)C(=O)N1CCCCN1CCN(c2nsc3ccccc23)CC1,1,22.82
CCN1C(=O)c2cccc3c(S(=O)(=O)Nc4ccc5c(c4)OCCO5)ccc1c23,1,23.24
COc1ccc2c(c1)[nH]c1ccc3[nH]c4ccccc4c3c12,1,26.28
COC(=O)N(CCOc1cc2c(cc1N(CC(=O)O)S(=O)(=O)c1ccc(Cl)cc1)C=CC(C)(C)O2)S(=O)(=O)c1cccc([N+](=O)[O-])c1,1,51.27
CN(CCc1ccccc1)Cc1cncs1,1,23.4
COC(=O)c1ccc(-c2c(C(=O)OC)sc3c(OC)cccc23)c(C)c1,1,31.29
CC(C)(C)C(=O)N1CCC(CCN2CC3CC2CN(CC2CCOCC2)C3)(c2cccc(F)c2)CC1,1,28.69
Cc1ccc(NC(=O)C(C)N2CCCCCC2=O)c(C)c1,1,23.43
NC(N)=NCCCC(NC(=O)Cn1nnc2ccccc21)C(=O)O,1,27.62
COc1ccc2c(ccc3c2ccc2c4cc(OC)c(OC)cc4ccc23)c1,1,26.59
CC(C)CCCC(C)C1CCC2(O)C3CCC4(CC(=O)C(OC(=O)C=Cc5ccc(O)c(O)c5)C4)C3CCC12C,1,41.53
CCOc1cccc2sc(N3CCN(C(=O)c4c(Cl)c(Cl)nn4C)CC3)nc12,1,32.81
CCN(CC)CCCCOc1cccc2cccnc12,1,21.28
CC(NS(=O)(=O)c1ccc(F)c(Cl)c1)C(c1ccc(Cl)cc1)N1CCOCC1,1,29.14
COc1cccc(NC(=O)COC(=O)c2ccc(Cl)nc2)c1,1,21.48
CC(CO)NC(=O)c1cc(-c2cccc(C#N)c2)nc2c(C(F)(F)F)cccc12,1,28.99
CCC=CC=CC(=O)OCC(=O)Nc1ccc(OC)c(OC)c1,1,31.39
Cc1ccc(C(=NO)N(C)Cc2cccs2)c(Oc2ccc(F)c(Cl)c2)n1,1,26.34
CSCCC(Nc1ccc(F)c(Cl)c1)C(=O)NN=C(C)c1cccs1,1,32.88
Brc1cnc2c(c1)C(SCCN1CCCC1)c1ccccc1O2,1,23.02
CN(Cc1cccs1)C(=O)c1ccc(S(=O)(=O)N2CCCC2)cc1,1,22.26
NC(=O)c1c(Cl)n(-c2ccc3c(=O)[nH]ccc3c2)c2cc(NCc3cccnc3)c(F)cc12,1,47.62
CC(=O)OC1C(OC(C)=O)C2(OC(C)=O)C(OC(C)=O)CC(C)C(O)C2C(C)(C)C2CCC(O)C12C,1,44.04
O=C(C=Cc1coc2ccccc2c1=O)c1c[nH]c2ccccc12,1,25.36
O=C1CCN1C(c1ccc(-c2ccccc2)cc1)c1ccc(-c2cscn2)cc1-c1ccc(OC(F)(F)F)cc1,1,46.82
CCOC(=O)C(=O)N=c1scc(-c2ccccc2)s1,1,22.99
O=C(NCC1CCN(C2CCCCCC2)CC1)c1cc(-c2cccc(F)c2)cs1,1,26.87
O=C(O)c1c[nH]c2cc(N3CCOC3=O)cc(C3CCNCC3)c2c1=O,1,30.12
COc1cc(-c2nc(-c3ccc(Oc4ccccc4)cc3)no2)ccc1OCCCCCN1CCOCC1,1,30.08
CCN(c1cc(-c2nc(O)c(C)s2)nc(SC)n1)c1cc(C)ccc1C,1,41.21
Nc1cc(-c2cc(-c3ccccc3)no2)ccc1O,1,23.13
CCOC(CN(C)NC(=O)NC(=O)c1c(Cl)cccc1Cl)OCC,1,30.03
Cc1ccc(C2CC(CN)C2)cc1,1,20.8
O=S(=O)(Cc1cccc(Br)c1)N(c1ccccc1Br)C1CCN(CCc2ccccc2)CC1,1,40.19
COc1ccccc1N=c1nc(Cc2ccc(S(C)(=O)=O)cc2)[nH]c(=Nc2cncnc2)[nH]1,1,34.87
O=C(COc1ccc(C2SCCS2)cc1)NC12CC3CC(CC(C3)C1)C2,1,25.37
CC(=O)OC1CCC2(C)C(CCC3C2CCC2(C)C(C(C)CCC(=O)Nc4ccccc4F)CCC32)C1,1,29.76
COc1ccc(S(=O)(=O)N(C)c2cccc3oc(=O)[nH]c23)cc1OC,1,29.94
Cc1ccc(NC(=O)Cn2cnc3ccccc3c2=O)cc1S(=O)(=O)N1CCOCC1,1,23.61
Cc1ncc([N+](=O)[O-])n1Cc1csc(CNC(=O)Oc2ccccc2)n1,1,33.9
CCOc1cccc(Cn2cc(-c3nc4c(=O)n(CC)c(=O)n(CC)c4[nH]3)cn2)c1,1,29.7
NS(=O)(=O)c1ccc(N2C(=O)c3cc(Nc4cccc(Br)c4)c4ccccc4c3C2=O)cc1,1,31.36
N=c1[nH]c(-c2ccco2)nc2nc(CSCc3ccccc3)nn12,1,29.31
CC(C)CC(CN)NC(=O)c1ccc(Cl)c(NSSCNC(CNC(=O)CCC(=O)NC(CC(C)C)C(=O)O)C(=O)O)c1,1,60.36
CC(C)(C)OC(=O)Nc1ccc(N2CCN(c3ccccn3)CC2)c(Cl)c1,1,25.84
O=C(NCCCNCCCCNCCCc1ccccc1)NCc1ccccc1,1,22.26
NCCCNCCCNCCCCNCc1nccc2c1[nH]c1ccccc12,1,25.38
CCCCCOc1ccc2[nH]c(=NC(=O)Nc3cccc(C(=O)O)c3)sc2c1,1,31.24
CC(C)=CC(=O)NC1CCC(CCN2CCC(c3noc4c(F)cccc34)CC2)CC1,1,25.61
COc1ccc(C=C2SC(N=c3[nH]nc(-c4cccc([N+](=O)[O-])c4)[nH]3)=NC2=O)cc1,1,29.76
O=C(C=Cc1ccccc1F)Nc1ccc(N2CCS(=O)(=O)C2)c(Cl)c1,1,28.08
COc1ccccc1CCN1CCOC(C(=O)NC(C)CCc2ccccc2)C1,1,27.36
CCC1(C)c2cnn(C)c(=O)c2CN1C(=O)C1CCOCC1,1,34.95
O=[N+]([O-])c1cc2ccccc2o1,1,18.41
NC(=O)c1ccccc1OCCOc1ccccc1-n1c(O)c2ccccc2c1O,1,32.99
O=C(O)C(=Cc1ccccc1Br)c1ccccc1,1,21.52
CCN(CC)C(=O)COC(=O)Cn1ccc2cc(S(=O)(=O)N3CCC(C)CC3)ccc21,1,31.28
CCn1c(N)c(-c2nc3ccccc3[nH]2)c2nc3ccccc3nc21,1,26.53
CNC(=O)c1sc(C)nc1-c1cc(C)ccc1C,1,27.74
O=C(O)CN(C(=O)O)C1CCCCC1,1,23.67
CC(=O)c1ccc(-c2ccc(CN3C(=O)C(=O)c4ccc(C5CC5)cc43)cc2)cc1,1,32.52
COCc1cc(OC)cc2c(C(=O)c3ccnn3-c3cc(OC)c(OC)c(OC)c3)ccc(OC)c12,1,41.43
COc1ccc(C(=N)N)cc1OCCCOc1ccc(C(=N)N)cc1F,1,23.83
C=C(C)C(=O)N1CCOc2c(cc(-c3cc(OC)c(OC)c(OC)c3)cc2OC)C1,1,29.42
Cn1cccc1C(=O)N1CCC(O)c2nc3ccccc3n21,1,35.33
Cc1cccc(-c2ccccc2CCNC(=O)c2ccc(N3CCOCC3)nc2)c1C,1,30.25
Cc1cccc(Cn2c(=O)nnc3ccccc32)c1,1,24.87
Cn1c(O)c2ccc(NC(C(=O)NCc3ccccc3)C(=O)NC(=O)COc3ccc(-c4ccccc4)cc3)cc2c1O,1,41.04
Cc1cc(-c2ccc3ccncc3c2)ccc1Oc1ccc(N2C(=O)C3CCC2N(Cc2coc(-c4cccc(F)c4)n2)CC3)cc1,1,57.79
CN1CCN(c2cc(C(F)(F)F)c(C(=O)N=c3cc[nH]cc3)cn2)CC1,1,26.34
Cc1c2c(c(O)c3c1C14OC1C(C)CC(=O)C(=O)C4(O)C3OCc1cccc(Cl)c1)C1(C)CCC(C(C)CCC(=O)O)C1(C)CC2,1,67.68
O=C(NC1CC2CCC(C1)N2CCc1ccccc1)c1cn(CCN2CCOCC2)c2ccccc12,1,28.33
C=C(C)C1CCC2(C3OC34CCC(OC(C)=O)C(OC(C)=O)C4OC(C)=O)CCC3(C)C(CC(=O)C4C5(C)CCC(OC(C)=O)C(C)(C)C5CCC43C)C12,1,43.44
CSc1ccc(CN(C)CC(=O)NCCc2ccccc2)cc1,1,23.06
CN(C(=O)Cc1ccc(Cl)c(Cl)c1)C(C)(C)CN1CC=CC1,1,27.3
COc1ccc2sc3c(OC)cccc3c(=O)c2c1OC,1,24.89
CC(C)(C)c1ccc(CCC(=S)Nc2ccccc2F)cc1,1,23.84
O=C(CCc1ccccc1)N=C(Cc1ccccc1)C(O)=NO,1,20.16
O=C(N=c1[nH]ncs1)c1ccc(S(=O)(=O)N2CCCCCC2)cc1,1,21.46
CC(C)Cn1cc(C(=O)Nc2ccc(-c3ccccc3)cc2)c2c([nH]c3ccccc32)c1=O,1,31.17
CCCOC1CCC(C)N(C(=O)c2ccc(-c3ncnc(CC)c3C#Cc3ccc(=N)[nH]c3)cc2Cl)C1,1,30.18
Cc1ccc(-c2nnn(CC(=O)c3cc(C)c(N)cc3[N+](=O)[O-])n2)cc1,1,32.62
COc1cc(Cc2c[nH]c(=N)c3ccccc23)cc(OC)c1OC,1,20.67
COc1c(Cl)cc(C(=O)Nc2cccnc2C(=O)N=c2cccc[nH]2)cc1Cl,1,29.67
CC(C)(C)c1ccc(-c2csc(NC(=O)C(Cl)Cl)c2)cc1,1,23.0
COc1ccc(-c2c3c(-c4ccncc4)n4nc(-c5ccco5)nc-3nc-4n(C)c2-c2ccccc2)cc1,1,38.65
O=[N+]([O-])c1cn2c(n1)OCC1(CC(O)C1)C2,1,26.24
Cc1ccc(NC(=O)C(C)n2c(=O)[nH]c3ncc(Cl)cc32)cc1,1,32.94
OCC1OC(CNCc2ccc3c(c2)OCO3)C(O)C(O)C1O,1,21.46
CCCOc1nnc(OC)c2c1C(=O)N(c1ccc(-c3ccc(C)nc3)cc1)C2=O,1,37.86
Cn1c(N2CCN(C(c3ccccc3)c3cccs3)CC2)nc2ccccc21,1,25.07
CCN(CC)c1c(-c2ccc(O)cc2)cc(-c2cc(C)ccn2)c(=O)n1C,1,40.97
OC(CN1CCN(c2ccc(NC3=NCCN3)cc2)CC1)(Cn1cncn1)c1ccc(F)cc1F,1,23.01
COc1ccc2[nH]c3ccccc3c(=NCCCCCCN=c3c4ccc(Cl)cc4[nH]c4cc(Cl)ccc34)c2c1,1,28.16
COc1ccc2c(c1)CCC(Cn1ccnc1)C2=NOCc1ccccc1,1,22.74
CC1CCCCC1NC(=O)CSc1nnc(-c2ccc(F)cc2)n1C,1,23.77
CCOc1ccc2cccc(OCc3cn(-c4ccc(C)cc4)nn3)c2n1,1,30.35
COc1cc(S(=O)(=O)N2CCOCC2)ccc1OCC(=O)NCc1ccccc1,1,23.01
COC(=O)C1C(C)C(OS(=O)(=O)c2ccc(C)cc2)(c2ccco2)C=CN1C(C)=O,1,41.25
Cn1c(-c2ccc(Cl)c(Cl)c2)nnc1C1(c2ccc(Cl)cc2)CC1,1,24.39
N#Cc1cc(NC(=O)Nc2cccnc2)cc(C(F)(F)F)c1,1,26.29
CCN1CCN(C(=O)C(CO)n2c(-c3ccc(F)cc3)nc3c(-c4cncnc4)cccc3c2=O)CC1,1,43.57
CC(=O)N=c1[nH]nc(-c2ccccc2)o1,1,19.23
COc1ccccc1OCCNCc1ccnc(-c2ccc(C)cn2)n1,1,29.25
CCCC(=O)Nc1ccc(NC(=O)c2ccc([N+](=O)[O-])c(C(=O)OCC)c2)cc1,1,30.6
COc1cc(C(=O)NC(CC(C)C)C(=O)NC(C(=O)NC(C=O)Cc2ccc(O)cc2)C(C)C)ccc1O,1,35.75
Cc1nc(C(=O)NN2CCCCC2)cs1,1,20.61
CCc1nc2ccccc2c(=O)n1NC(=O)c1ccc(C(C)(C)C)cc1,1,22.73
O=C(N=c1nc(-c2ccccc2)[nH][nH]1)c1ccco1,1,19.95
COc1ccc(C=C2SC(=S)N(NS(=O)(=O)c3ccccc3)C2=O)cc1O,1,20.63
CON=C(CNC(=O)C1(C)CCCC2(C)c3ccc(C(C)C)cc3CCC12)c1ccccc1,1,31.03
CCN(N=Cc1cc(OC)c(OC)c(OC)c1)C(=NC1CCCCC1)C(=N)C#N,1,42.61
Cc1ccc(N2CC3CN(C(=O)c4cnc5c([N+](=O)[O-])cccc5c4)CC3C2)nc1,1,37.66
CCOc1ccc(CCNC(=O)c2ccc(OC)c(OC)c2)cc1OCC,1,21.68
CCN(C(=O)C(CC1CCCCC1)NC(=O)c1ccoc1)C(CCc1ccccc1)C(NC(=O)C(Cc1ccccc1)N1CCCCC1)C(C)O,1,54.36
Fc1ccc(N=c2[nH]cnc3c2sc2cnccc23)cc1Cl,1,24.74
CS(=O)(=O)c1cc(C2C3CCCCN2C(=O)N3c2cc(=O)[nH]cn2)ccc1NC(=O)c1ccccc1,1,47.02
CN1CC(C(=O)N2CC=C(c3ccc(Cl)cc3)CC2)CC2CCCCC21,1,24.86
CCNC(=O)C1OC(n2cnc3c(=NCc4ccc([N+](=O)[O-])cc4)[nH]cnc32)C(O)C1O,1,23.04
C=CC(=O)Nc1ccccc1N(C)c1ccc(NC(=O)c2ccccc2Sc2ccc3c(C=Cc4ccccn4)[nH]nc3c2)cc1,1,33.79
CC(C)C(NC(=O)OCc1ccccc1)C(=O)NCC(O)C(Cc1ccccc1)NC(=O)COc1cccc2ccccc12,1,31.42
Cc1ccc(C(=O)N=c2[nH]c3cccc(Cl)c3n2CCN2CCCCC2)cc1,1,28.1
COc1cc(C(=O)Oc2coc(CSc3nccc(C)n3)cc2=O)c([N+](=O)[O-])cc1OC,1,24.73
Oc1ccc(CCCc2ccc3c(O)c4ccccc4c(O)c3c2O)cc1,1,26.35
O=C(CNC(=O)c1ccc(Cl)cc1)NCC(=O)OCC(=O)c1cccs1,1,28.4
C=C1C(=CC=C2CCCC3(C)C2CCC3C(C)CCCC(C)C)CC(O)CC1O,1,20.04
NS(=O)(=O)c1n[nH]c(=NC(=O)CCCCCN=c2c3c([nH]c4ccccc24)CCCCC3)s1,1,28.78
O=C(NCCn1cccn1)C1CCCCN1C(=O)CC1CCCC1,1,30.83
O=C(Nc1c(F)cccc1F)c1ccc2c(c1)N(Cc1ccccc1F)C(=O)c1ccccc1[S+]2[O-],1,25.55
Cc1ccc(NC(=O)COc2ccccc2C)c(C)c1,1,22.11
COc1cc(C(=O)O)c(O)c(N=Nc2ccc(S(=O)(=O)N=c3[nH]cccc3C)cc2)c1O,1,31.97
Clc1ccc2[nH]c(=Nc3ccccc3)n(C3CCN(C4CCCCCCC4)CC3)c2c1,1,28.47
CCc1cc(C)c(-c2ccc(S(=O)(=O)N(CC(C)C)CC3CCOCC3)o2)c(C)c1,1,34.53
COc1ccc(C(=O)C=Cc2ccc(OCc3nnc(-c4ccc(F)cc4)o3)c(OC)c2)cc1,1,25.79
O=C1c2cccnc2C(=O)N1c1ccccc1,1,17.54
Cn1c(-c2ccncc2F)c(C(=O)NCCC(N)=O)c2cc(-c3cccnc3)ccc21,1,44.39
Cc1cc(Cl)ccc1NC(=S)NC(=O)C1CCCCC1,1,22.2
C=C1CCC2OC23CCC2C(C)(C(=O)OC)CCCC24C1CC(C)(O)C(=C)C34O,1,50.83
O=C(C1=CC2c3ccccc3C(C1)c1ccccc12)N1CC=CCC1,1,30.47
COc1cc(NS(C)(=O)=O)ccc1N=c1c2ccccc2[nH]c2ccccc12,1,19.79
COc1cc(COc2ccc(NC(=O)C3CCCC3C(=O)NCc3ccc(C(=N)N)cc3)cc2Cl)cc(OC)c1OC,1,43.34
C#CCn1c(=O)c2c(nc(-c3ccc(OCc4nc(-c5ccccn5)no4)cc3)n2CC#CC)n(C)c1=O,1,36.8
C=CCNC(=O)C(=O)NCc1ccc(OC)c(OC)c1,1,23.45
CC(C1OC1(C)C)C1CCC2C3CCC4CC(OC5OCC(O)C(O)C5O)CCC4(C)C3=CCC21C,1,36.08
CC(C)c1ccc(Cc2c[nH]c(=O)[nH]c2=O)cc1,1,20.28
COc1cccc(CNC(=O)CCCn2c(=O)c3ccccc3n(Cc3cccs3)c2=O)c1,1,26.92
Cc1ccc(C(NC(=O)Cc2ccc(C(=O)O)cc2)c2ccc(-c3cccc(NS(=O)(=O)c4ccccc4)c3)cc2)cc1,1,32.08
Cc1ccc(NC(=O)Cc2cccc(F)c2)cc1S(=O)(=O)N(C)C,1,27.53
O=C(O)c1nc2ccc(C(F)(F)F)cc2[nH]c1=O,1,21.9
CC1(C2CC2)NC(=O)N(CC(=O)Nc2ccc(S(N)(=O)=O)cc2)C1=O,1,22.27
OCC1OC(c2ccc(Cl)c(Cc3cc4ccccc4cc3F)c2)C(O)C(O)C1O,1,24.53
C=CCOC(CCCC)C(=O)NC(CC1CCCCC1)C(O)C1OC1C(=O)NCc1ccco1,1,41.9
CC(C)n1cc2[nH][nH]c(=NC(=O)c3cc(C#N)ccc3C3C(C#N)C(=N)OC4C3C(=O)CCC4(C)C)c2c1,1,39.3
CC1(C(=O)O)CCCC2(C)c3cc(NCc4ccsc4)ccc3CCC12,1,30.16
CCCCCCCCN(Cc1ccc(Cl)cc1)C(=N)N[N+](=O)[O-],1,26.36
N#Cc1ccc(-c2cc3c(-c4cccc(-n5[nH]c6ccc(N7CCC(N)C7)cc6c5=O)c4CO)ccnc3[nH]2)cc1,1,35.96
CCOC(=O)N1C(=O)c2ccccc2C23COC2=NC(C(=O)OC)(C(=O)OC)N=C13,1,28.07
CCN(CC)c1nc(C)nc2c1sc(=S)n2-c1cccc(O)c1,1,24.3
CCCc1ccc(Br)c2cn(-c3ccc(O)cc3)c(O)c12,1,29.75
COC(O)C(C=O)NC(=O)c1[nH]cnc1C(=O)NC(C)(C)C,1,30.15
Oc1ccc(C=CC(O)C2COc3ccc(F)cc3C2)cc1O,1,31.73
CN1CCN(Cc2nc3c(o2)CN(Cc2cnn(C)c2)CC3)CC1,1,24.98
CSC(=NC#N)Nc1ccc(Cl)c2c(=O)[nH]ccc12,1,32.88
O=C(COc1ccc2c(=O)ccoc2c1)NCc1cc2ccccc2[nH]1,1,31.97
COc1ccc(-c2nc3cc(N4CCC(CN(C)C)CC4)ccc3[nH]2)cc1N1C(=O)c2ccc(C(=O)O)cc2C1=O,1,34.56
O=C(Nc1ccc(N2CCOCC2)cc1)c1ccc([N+](=O)[O-])s1,1,20.71
NS(=O)(=O)c1ccc(OCC(=O)NC23CC4CC(CC(C4)C2)C3)c([N+](=O)[O-])c1,1,30.29
OCC(O)c1cc(Br)c(O)c(Br)c1,1,21.22
CCOC(=O)C1=C(c2ccc(-c3nc(-c4ccccc4F)no3)cc2)CC(=O)C(C(=O)OCC)C1c1ccc2c(c1)OCO2,1,37.65
CN(C)CCCN(NC(=O)c1cc2c(s1)CCCC2)C(=O)C=Cc1ccccc1,1,33.13
OCc1cn(Cc2ccccc2)c2nccc(-c3cc(F)c(F)cc3-c3cccc(F)c3)c12,1,35.95
CCOC(=O)C1CC2(CC2)C(C(=O)OC)N1C(=O)c1c2ccccc2cc2ccccc12,1,38.79
CC1CCC(C(C)C)C(ON=C2CC(O)C(O)C3c4ccc(O)cc4CCC23)C1,1,26.16
CCCCc1nc(-c2ccc(-c3ccccc3)nc2)no1,1,24.52
CC(C)(C)n1nnnc1C(c1ccco1)N1CCN(C(=O)c2nnc(Cc3ccccc3Cl)o2)CC1,1,37.0
CC(C)CNC(=O)c1ccc2oc(C(O)c3ccccc3)cc2c1,1,32.14
CCCCCCc1ccc(O)c(CN)c1,1,21.5
CCN(CC)CCOc1cc(-c2cccc3[nH]ccc23)ccc1NC(=O)Nc1ccc(F)cc1F,1,31.46
CCOC(=O)c1noc(C)c1C(=O)OCCOC,1,24.78
COc1ccc(N2CCN(CCN3C(=O)CCCC(c4ccccc4)(c4ccccc4)C3=O)CC2)cc1,1,27.16
CC(=O)OCc1ccc(NC(=O)N2CCC(NS(=O)(=O)c3ccc4oc(C)cc4c3)CC2)cc1,1,40.41
Cc1cc2n(c1)C(=N)NCC2NC(=O)c1cc(-c2cncnc2)cs1,1,45.66
CC1C=C(C(=O)O)C(NC(=O)CCCCCN2CCN(c3ccccc3C#N)CC2)C2C(C)CCC12,1,45.43
CC(=O)c1ccc(CN2CCCC(C)(C(N)=O)C2)s1,1,28.8
CCOC(=O)c1c[nH]c2c(Cl)cccc2c1=O,1,19.68
Cn1nc2c(cc1=O)CN(CC1CC1)CC2,1,20.49
COc1cc(-c2c(-c3ccc(OCCN4CCCC4)cc3)c3ccc(OCCN(C)C)cc3oc2=O)ccc1O,1,30.98
CCOc1ccc(C(=O)Nc2ccc3nc(N4CCN(C)CC4)cc(C)c3c2)cc1,1,21.34
N#Cc1ccc(C(O)(CNC(=O)c2cc(F)ccc2F)c2ccc(F)cc2)cc1,1,31.06
O=C(O)CCCNCc1cccc2c(-c3ccccc3)cc(=O)oc12,1,25.87
COc1ccc(C=Cc2ccc3nc(C=Cc4ccc(O)cc4)oc3c2)cc1O,1,26.73
CCN1C(=O)COc2cc(CCCN3C(C)CCCC3C)ccc21,1,26.39
O=C(NCc1ccco1)C1CCN(S(=O)(=O)c2cc(Br)ccc2F)CC1,1,26.14
COc1ccc(C(=O)NCC(c2ccsc2)N2CCCC2)cc1OC,1,25.42
C[n+]1ccc(Cl)cc1-c1ccc(C2(Cc3nn[nH]n3)C3CC4CC2CC(C3)C4O)cc1,1,38.14
O=C(CSc1cccc[n+]1[O-])Nc1cccc(S(=O)(=O)C=Cc2ccccc2[N+](=O)[O-])c1,1,32.83
COC(=O)N1CC(OC)(C(=O)c2ccccc2)C1,1,30.79
O=C(C=Cc1ccc(Br)cc1)c1c(O)cc(O)cc1O,1,19.06
O=C(CC1CCS(=O)(=O)CC1)N1CCN(Cc2ncccc2F)CC1,1,32.15
CNCCC=C1c2ccccc2COc2ccccc21,1,19.78
Cc1ccc(CCNC(O)c2cc(O)n(CCc3ccccc3)c2)cc1,1,20.53
CC(=O)OC=C1CSC2C(NC(=O)C(O)c3ccccc3)C(=O)N2C1C(=O)O,1,22.41
Cc1cccc(NC(=O)CCN(C)CCc2ccccc2)c1,1,22.5
O=C(c1c(F)cccc1Cl)N(c1ccc(F)cc1)C1CCS(=O)(=O)C1,1,26.83
Cc1cc[nH]c(=NC(=O)c2cc(-c3ccc(C)o3)nc3c(C)cccc23)c1,1,28.24
COc1ccccc1C(=O)NCCN1CCC(NC(=O)c2sc(-c3ccccc3)nc2C)CC1,1,28.6
CS(=O)(=O)N1CCCc2ccc(Oc3cn(-c4ccccc4)nn3)cc21,1,27.82
CCOCCCNC(=O)c1cc2c(=Nc3ccc(F)cc3OC(CF)CF)[nH]cnc2s1,1,31.9
N#CC1CCCN1C(=O)CNC1CCC2(C(=O)N3CCc4ccccc4C3)CC12,1,32.91
CC(C)(C)OC(=O)N1CCCC1C(=O)N(CCc1ccccc1)CC(=O)O,1,25.76
N#Cc1ccc(C(=O)Nc2cnc(Cl)c(C3(CF)N=C(N)OC4CC43)c2)nc1,1,24.08
CN1CCC(Oc2nc(N=c3nc(Cl)c(C#N)c[nH]3)cc(N3CCN(C)CC3)n2)CC1,1,34.49
CCOc1cc(C(=O)NC(Cc2ccccc2)C(=O)CNCc2csc3c(=O)nc[nH]c23)cc(N2CCCC2=O)c1,1,36.53
COc1cc(OC)c(OC)cc1C=CC=CC(=O)c1ccc(N2CCOCC2)cc1,1,29.96
CCOc1ccc(OC)c2cc(-c3oc4cc(O)cc(O)c4c(=O)c3OCOC)cc(O)c12,1,42.42
Cc1ccc(OCc2ccccc2-c2nnc(SCc3ccccc3)o2)cc1,1,22.97
Cn1ncc(Cl)c1-c1cc(NCc2ccc(F)c(F)c2)cnc1N1CCNCC1,1,29.51
CNC(=O)c1ccc(CSc2nc3cc(CNc4ccc(C)c(C)c4)ccc3n2Cc2nc(C)ccc2O)cc1,1,37.68
Cc1c(Cc2ccc(OCCN3CCCC3)cc2)sc2c1CC(C)(C)NC2(C)C,1,29.91
O=C(c1ccccc1C#Cc1ccc(-c2ccccc2)cc1)N1CCCC(O)C1,1,29.59
CCN(Cc1ccc(C(=O)OC)cc1)Cc1nc(=O)c2c(Br)c(OC)c(OC)cc2[nH]1,1,34.63
CCN(CC1CCS(=O)(=O)C1)C(=O)c1cnn(Cc2ccccc2)c1,1,30.09
CCOC(=O)C1Cc2cc(OCCCc3cncc(OCC4CC4C)n3)ccc2N1C(=O)Nc1cccc(C#N)c1,1,53.1
CC(C)Oc1ccncc1-c1noc(Cc2ccccc2Cl)n1,1,34.06
CC1CC2Cc3c([nH]c4nc(N(C)C)ccc34)C2N1Cc1ccc(Cl)cc1,1,45.31
O=C(Nc1ccc(Oc2ccccc2)cc1)C1CCCN(C(=O)c2cccnc2)CC1,1,27.85
O=c1[nH]c(=O)n(Cc2ccccc2)cc1F,1,17.58
CN(Cc1ccncc1)C(=O)c1ccccc1NS(=O)(=O)c1cccc2nsnc12,1,28.29
O=C(Cc1ccccc1)NC(Cc1cc2cc(O)ccc2[nH]1)C(=O)O,1,28.64
CC(=O)N1N=C2CCCCC2C1C(=O)Nc1ccc(Br)cc1F,1,31.91
COc1ccc(N2CCN(Cc3ccccc3)CC2)cc1C(=O)NN=Cc1cc(Br)c(O)c(Br)c1,1,31.77
CCCC1(C)NC(=O)CNC1=O,1,22.95
CCc1n[nH]c(=NC(=O)c2ccc(S(=O)(=O)N(C)Cc3ccccc3)cc2)s1,1,23.7
FC(F)(F)c1sc(=Nc2ccccc2)[nH][n+]1-c1ccccc1,1,24.97
COc1ccc(CONC(=O)C(=NC(=O)c2ccco2)C(O)c2nc3ccccc3[nH]2)cc1,1,37.71
O=C(O)c1cc(Sc2nc3ccccc3[nH]2)oc1-c1cccc2c(=O)c3ccccc3oc12,1,35.19
CC1=Cc2oc3cc(O)cc(O)c3c2CC1,1,28.1
Cc1cc(C(F)F)nn1CC(=O)NCC1COc2ccccc2O1,1,24.08
CCCCNC(=O)C1CCCCN1C(=O)NCc1ccccc1OC,1,28.35
CCOCC(O)CN1CCN(C(=O)COc2ccccc2)CC1,1,20.87
Cc1cc(C)c(NC(=O)CN(C)C(=O)c2cccc(S(=O)(=O)Nc3ccc(Cl)cc3)c2)c(C)c1,1,28.25
COc1cc(NC(=O)CN2C(=O)COc3ccc(S(=O)(=O)N4CCCCC4)cc32)cc(OC)c1,1,22.55
Cc1ccc(S(=O)(=O)NC(=O)C(=O)NCCc2ccccc2)cc1,1,24.03
COc1ccc(C=C2C(=O)Nc3cc(Cl)c(Cl)cc32)cc1,1,21.74
CN1CCN(c2ccc(N=c3nc4c(NC(=O)Nc5ccc(F)c(Cl)c5)cccn4[nH]3)cc2)CC1,1,26.34
CN(CC(=O)O)C(Cc1ccc(O)cc1O)Cc1cc2ccccc2c2ccccc12,1,43.14
N#Cc1cccc(NC(=O)c2cc(Br)cc(Br)c2O)c1,1,22.56
CCn1cc(C(=O)O)c(=O)c2cc(F)c(N3CCCC3)cc21,1,18.17
C[n+]1nc(-c2ccco2)nc2ccc3ccccc3c21,1,30.42
O=c1ccc2c(N3CCN(CCCCOc4ccc5c(c4)CN(CCc4ccccc4)CC5)CC3)ccc(O)c2[nH]1,1,29.56
CCCCSCc1cocc1C=NOCc1ccccc1,1,34.44
COc1ccc(NC(=O)CSc2nnc(CSc3cc(C)cc(C)c3C#N)n2-c2ccccc2F)cc1,1,40.23
N#Cc1ccc2[nH]cc(CCn3c(-c4ccc(OC(F)(F)F)cc4)nc4cc(C(=O)O)ccc43)c2c1,1,33.94
CSc1ccccc1C(=O)N1CCC(C(=O)N=c2[nH]ccs2)CC1,1,25.61
Clc1cccc(-c2cc(-c3ccccc3)no2)c1,1,20.49
Cc1cc(SCc2nc(-c3ccc(C(F)(F)F)cc3)no2)ccc1OCC(=O)O,1,21.57
CCCCCCC(NC(=O)Oc1ccccc1C(=O)O)c1nc(C(=O)Nc2ccc(C(=O)O)cc2)cs1,1,39.62
O=C(c1ccc(NCc2cccnc2)c([N+](=O)[O-])c1)N1CCN(c2ccnc(Cl)c2)CC1,1,34.79
O=C(O)c1ccc2c(c1)C(=CCOCc1cnc3ccccc3c1)c1ccccc1CO2,1,34.96
O=C(CC(c1ccccc1)c1ccccc1)N=c1ccc(Br)c[nH]1,1,21.12
N#Cc1ccc(CN=c2[nH]c(-c3ccccn3)cn3ccnc23)cc1,1,26.42
Cc1ccc(-c2nc(C[S+]([O-])CC(=O)NCc3ccc4c(c3)OCO4)c(C)o2)cc1,1,21.1
CC(=O)c1cc(O)c2c(c1)OC1(C)CCCC(C)(C)C1C2,1,27.18
C=C(C)C1CCC2(C(=O)O)CCC3(C)C(=CCC4C5(C)CC(O)C(OC(C)=O)C(C)(C)C5CCC43C)C12,1,27.16
O=CN(C(=O)c1ccc(Oc2ccc(F)cc2)nc1)c1ccncc1,1,28.91
CC(C)CNC(=O)c1cc(Cl)ccc1NC(=O)c1ccncc1,1,25.77
CS(=O)(=O)Nc1ccc(CCNC(=O)c2ccc(-c3cccs3)cc2)cc1,1,24.91
Cc1ccc(-c2cc(C(=O)NCCN(C)C3CCCCC3)c3ccccc3n2)o1,1,27.74
COc1cc(OCC(C)C)ccc1C=CC(=O)NS(=O)(=O)c1cc(F)c(F)cc1F,1,27.9
O=C1c2ccccc2C(=O)N1COC12Nc3ccc(Cl)cc3C1(Cl)NNC21C(=O)Nc2c(Cl)cc(Cl)cc21,1,52.08
Cc1ccc(S(=O)(=O)N(Cc2ccccc2)C(CCCN(Cc2ccc(-c3ccccc3)cc2)Cc2ccc(N3CCNC(=O)C3)cc2)CCC(N)=O)cc1,1,54.19
Cc1ccc(C(O)C(c2cccc(F)c2)N2CCN(c3ccc(F)cc3)CC2)cc1,1,29.99
Cc1cccc(NS(=O)(=O)c2ccc3c(c2)oc(=O)n3CC(=O)N2CCCCC2C)c1,1,29.64
CC(CNC(=O)c1ccsc1)Oc1ccc(F)cc1,1,25.69
Cc1c(C)c2ccc(OCCOc3ccc(F)cc3)cc2oc1=O,1,23.19
O=C(c1ccc2c(ccn2CCN2CCCC2)c1)N1CCCC1,1,28.46
CCOC(=O)CN(CCCCCCS(=O)(=O)N(C)CC=CC#CC(C)C)CC(C)C,1,46.33
Clc1ccc(C2Nc3ccc(Cl)cc3C3C=CCC32)cc1,1,22.88
CNC1CC1c1cc(-c2ccc(Cl)cc2)ccc1C,1,29.89
Cc1cc(C(=O)N2CCCCC2)c2ccc(=NCCCO)[nH]c2c1,1,34.26
CCN=c1[nH]nc(-c2ccc(S(=O)(=O)N(C)C)cc2OC)c2ccccc12,1,31.9
NCC(=O)NC(CO)C(=O)O,1,18.86
COc1cc(-c2cc(=O)c3c(O)c(C=Cc4cccc5ccccc45)c(OC)cc3o2)c(O)cc1O,1,38.1
Cn1c(O)csc1=S,1,17.01
COc1cc(C(=O)O)ccc1COc1ccc(C(=O)c2ccc(-c3ccccc3F)cc2)cc1OCCOc1ccc(-c2ccccc2)cc1OCc1cnc2ccccc2c1C,1,55.35
Nc1cnc2c(c1)C(=O)c1ccccc1C2=O,1,18.54
CCCOc1cccc(CN2CCC(CN3CCCCC3)CC2)c1,1,27.17
Cc1cc(Oc2ccc(C(=O)OCC(=O)c3ccnc4ccccc34)cc2)ccc1Cl,1,36.43
CC(C)=CCC1CCC2OC2(C(C)C)C1C=CC1CC(O)CC(=O)O1,1,27.91
COc1ccc2cc(C(=O)Nc3cnc4ccccc4c3)c(O)cc2c1,1,27.89
COCCCOc1cc(C(=O)NC(CCC(=O)O)C(=O)O)ccc1NCC(=O)c1ccccc1,1,37.96
N=c1[nH]ccn2c(-c3ccccc3)nc(C(=O)NCCN3CCc4ccccc4C3)c12,1,35.22
CC(C)=CCN=C(NCCCCc1cccnc1)c1ccncc1,1,32.19
CC(C)NC(=O)c1ccc2[nH]nc(-c3ccc(S(=O)(=O)N4CCNCC4)cc3)c2c1,1,31.21
CCOC(=S)CC1Oc2ccccc2-c2ccc3cc(C(=O)c4nc5cc(C)ccc5[nH]4)oc3c21,1,47.19
CCOC(=O)C1C(C)=NC(=O)NC1c1ccc(N(C)C)cc1,1,18.53
CN1C(=O)C2(CCC(=O)N2Cc2ccncc2)c2sccc21,1,29.2
Cc1cc(C)c(NC(=O)CCC(=O)Nn2cnnc2)c(C)c1,1,23.28
Cc1ccc(N2CCN(N=Cc3ccsc3)CC2)cc1,1,22.39
C[N+]12CC(NC(=O)C(Cc3ccc(Cl)cc3)NC(=O)Nc3cccc4nonc34)CC1CC(Oc1cccnc1)C2,1,48.46
O=[N+]([O-])c1cccc(C[S+]([O-])c2nc3cscc3[nH]2)c1,1,23.75
COc1ccccc1OCCCC(=O)NC(CO)c1ccc(Br)cc1,1,31.84
Cc1ccc(C(=O)NC(C)C(=O)N2c3ccccc3Sc3ccccc32)cc1C,1,28.17
CSc1ccccc1NC(=O)CC1C(=O)Nc2ccccc2S1(=O)=O,1,25.04
CCCCc1nc2cc(N(CCC(C)C)CCC(C)C)ccc2n1Cc1ccc(-c2ccccc2S(=O)(=O)NC(=O)C2(C)CC(O)C(O)(C(F)(F)F)O2)cc1,1,54.7
COC1C(CNc2ccc3c(=O)[nH]ccc3c2)OC(n2cc(C)c(=O)[nH]c2=O)C1OC(=O)CCC(=O)OCC(C)C,1,53.45
Cc1ccc(OCC(=O)N(C)Cc2ccon2)c(C)c1C,1,28.55
CC(=NN=c1[nH]oc(=O)[nH]c1=O)c1ccccc1O,1,28.17
COC(=O)c1sccc1NC(=O)C1CN(c2nc(CO)cs2)CC(=O)N1c1ccccc1,1,37.52
CCSCc1cc2oc(-c3ccc(Cl)cc3)cc2cc1C(=O)N1CCOCC1,1,36.57
CCCCNC(=O)Nc1ccc(Oc2ccc(C)cc2)cc1,1,23.17
CCCOC(C(=O)OCC)c1nnn2c1CN=C(c1ccccc1)c1cc(Cl)ccc1-2,1,32.3
CC(=O)OCC(C)CCC1C2(C)CCCC(C)(C)C2C(O)C(OC(C)=O)C1(C)OC(C)=O,1,34.99
COc1ccccc1NC(O)c1cc(O)n(-c2ccc(C)cc2)c1,1,20.21
O=C1C=NC(c2ccc(F)cc2)=CC2c3[nH]c4cc(Cl)ccc4c3CCN12,1,27.74
NCCC(=O)N=c1[nH]c2ccccc2n2c(-c3ccc(N)cc3)nnc12,1,29.95
CCc1ccc(C2OOC(c3ccc(OCCCN4CCCC4)cc3)OO2)cc1,1,22.88
NS(=O)(=O)c1ccc(CCNC(=S)NC(=O)c2ccccc2)cc1,1,21.71
O=C(N=c1[nH]ccs1)c1ccccc1NS(=O)(=O)c1ccc(Cl)cc1,1,22.17
C=C(c1ccc(OC)cc1)C1COc2cc([N+](=O)[O-])ccc2O1,1,25.13
N=C(CSSSC(=Nc1ccc(F)cc1)OCCN1C(=O)c2ccccc2C1=O)NCCc1c[nH]c2ccccc12,1,33.47
CCCc1ccc(NC(=O)C2C(C(=O)N=CCCCN3CCCC3)C3CCC2C32CC2)cc1,1,25.89
c1ccc2c(c1)CN1CCN=C21,1,19.38
CC(=O)N=c1[nH]c(C2CC2)nc2c1nnn2Cc1ccc(Cl)cc1,1,25.51
COc1cc(CCNCC(O)CCc2ccccc2)ccc1SC,1,29.1
COc1ccc2nc(N3CC4(N=C(N)N(C)C4=O)c4ccccc43)ccc2c1,1,31.7
CC(C)(c1ccc(S(=O)(=O)N2CCC(=C(F)c3ccc(C(F)(F)F)nc3)CC2)cc1)c1ccon1,1,37.82
c1ccc2cc(CNCCCN=c3[nH]c4ccccc4[nH]3)ccc2c1,1,24.83
O=C(c1ccc(=O)n(-c2ccccc2)c1)c1ccc(O)cc1O,1,25.0
CCC(=O)Nc1cccc(C2CCN(c3ncc(OC)c(OC)n3)C2)c1,1,30.72
Cc1ccc(C)c(NC(=O)C(=O)C(C#N)c2nc3ccccc3s2)c1,1,28.91
Cc1nc(CSc2nc(=Nc3ccccc3)cc(-c3ccccc3)[nH]2)cs1,1,23.0
O=C(C(=Cc1ccc(-c2ccc(O)c(C(=O)O)c2)o1)SCc1ccc(F)cc1)c1ccc(Cl)cc1,1,27.26
ON=C(O)c1ccc(N2CCCC2)cc1,1,20.11
CC(=O)NC1C(O)CC(CO)(n2ccnc2)OC1CO,1,24.19
CCc1cccc2[nH]c(CC(=O)c3ccc(OC)cc3)nc12,1,27.96
COCC1CC2CCC(C1)N2c1nc(-c2ccccc2)cc(C(C)C)n1,1,34.19
S=C1OCCN1Cc1ccccc1,1,19.62
CCC(CC)CN1CCNC(=O)C1CC(=O)NCCc1ccc2c(c1)OCO2,1,27.75
COCc1cc(=O)n2nc(-c3cc(OC)cc(OC)c3)sc2n1,1,25.18
Cc1cc(O)ccc1C(=O)Nc1ccc(Cl)cc1,1,23.49
CCCn1ccc(CN2CCc3cncnc3C2)n1,1,26.45
COc1ccc(-c2c(NC(=O)OCC=O)c(C(=O)OCc3oc(=O)oc3C)nn2-c2ccc(F)cc2)cc1,1,48.02
CC(COCc1cc(-c2cn[nH]c2)on1)NC(C)c1ccccc1,1,34.45
COc1ccc2c(c1)[n+]([O-])c1ccc(C=CC(=O)c3c[nH]c4ccccc34)cc1[n+]2[O-],1,30.59
Cc1c(O)c(C(=O)C(C)C)c(OC(=O)c2cc(O)c(O)c(O)c2)ccc1=O,1,28.84
CC1C(=NO)C2C(CCC3=CCCCC32C)C2CCC(O)C12C,1,32.37
O=C(Nc1ccc2ccncc2c1)c1cccc2[nH]c(-c3cccnc3)nc12,1,32.77
CCN=c1nc(-n2cc(-c3c[nH]c(=NCCC(C)C)[nH]c3=NC3CCCC3)nn2)[nH]c(=NCC)[nH]1,1,45.45
O=C(C=Cc1cccs1)c1ccco1,1,19.4
O=C(c1cnsn1)N(Cc1ccccc1)c1ccc(F)cc1,1,26.31
Cc1ccc(S(=O)(=O)N=c2[nH]c(C)cc(=NCC(=O)c3ccccc3)[nH]2)cc1,1,29.02
CCC(=NNC(=S)Nc1c(C)cc(C)cc1C)c1ccc(OC)cc1,1,25.92
Cc1noc(=NC(Cc2ccc(Cl)cc2)c2ccc(-c3ccccc3)cc2)[nH]1,1,32.67
Oc1ccc(SCc2ccc(OCc3ccccc3)c(CNN=C3CCCC3)c2)cc1,1,35.27
CCC(C)Oc1cc(C)nc(SCCNCCC(CNC(=O)C(N)CC(=O)O)c2cccc(OC)c2)c1C(=O)O,1,63.24
COc1cc2[nH]c(-c3ccccc3)cc(=O)c2cc1-c1cnco1,1,22.4
Cn1c(SCC(=O)NC(=O)c2ccccc2)nc2ccccc2c1=O,1,23.37
c1ccc(SCC2CCCN3CCCCC23)cc1,1,20.68
CCC(O)Cc1cc(-c2ccc(C(F)(F)F)cc2)ccc1OCCCON=C(C)CCC(=O)O,1,38.32
C=CC(=O)N(C)CCn1ccc(N=c2nc3c(c[nH]2)C(C)(C)CC(=O)N3c2c(C)cccc2C)n1,1,39.97
CCON(N=O)N1C(=O)c2cccc3cccc(c23)C1=O,1,24.16
CC(=O)N1CC(c2ccccc2)=[N+]([O-])c2ccc(OC(F)(F)F)cc21,1,29.8
CC(C)C(CO)N=c1[nH]c(=NC#N)[nH]c(=NC2CC(O)C(COS(N)(=O)=O)C2)[nH]1,1,32.54
CCCCN(NS(=O)(=O)c1ccc(F)cc1)c1nc2ccc(F)cc2s1,1,32.19
COc1ccc(OC)c(N=c2[nH]c(-c3ccc(Cl)c(Cl)c3)cs2)c1,1,23.59
COc1cccc(NC(=O)C2(C)CCN2C(=O)Cc2ccc(C)cc2)c1,1,25.39
COc1cc(-c2n[nH]c(=S)n2N=Cc2ccc(-c3ccccc3[N+](=O)[O-])[nH]2)ccc1O,1,34.65
C[S+]([O-])c1ccccc1CCCCc1cc(=O)[nH][nH]1,1,30.45
c1cncc(CNC2CCCOc3occc32)c1,1,29.57
OC(CN1CCN(c2ccc(OC(F)(F)F)cc2)CC1)(Cn1cncn1)c1ccc(F)cc1F,1,24.65
O=C(NC1C2CC3CC(C2)CC1C3)c1cccn2c(=O)cc(Oc3cc(Cl)cc(Cl)c3)nc12,1,37.95
COc1c(CNC(=O)CC(C)(C)C)ccc(Cl)c1N=c1[nH]c(-c2cncc(NCCCO)c2)nn1C,1,39.21
O=C(O)CCCCC=C(c1ccc(-c2ccccc2)cc1)c1cccnc1,1,20.46
COCCCCn1c(=O)c2c(OC)cc3c(=O)c(C(=O)OC)c[nH]c2c31,1,42.85
O=C(O)C(=Cc1cc(Cl)cc(Cl)c1)c1c(C(=O)O)[nH]c2cc(Cl)ccc12,1,29.41
COc1cc2c(=Nc3ccc(Cl)c(C4(C(F)F)N=C(N)OC5CC54)c3)[nH]c(=O)n(C)c2cc1OC,1,30.27
C1CCN2CCNCC2C1,1,18.66
OC1COC(n2cnc3c(Cl)cccc32)C1O,1,24.14
O=C1Oc2ccccc2C(c2cccs2)C1n1nnc2ccccc21,1,30.34
CCOc1cc(NC(=O)C2(NC(=O)c3ccc4c(C5CCCC5)c(-c5cccnn5)n(C)c4c3)CCN(C)C2)ccc1C=CC(=O)O,1,29.55
CNC(=O)CCOc1ccc2c(n1)C1(NCc3cc4ccncc4cn3)CCC3(CCC(=C(F)C=N2)CO3)CC1,1,40.13
O=C(COC(=O)c1ccc2c(c1)OCCO2)NCCc1ccc(O)cc1,1,24.68
CC(C)c1ccc(NC(=O)CCn2cc(-c3nc(C4(c5ccc(-c6cnc(=N)[nH]c6)nc5)CCC4)no3)cn2)cc1,1,32.69
Cc1[nH]c2ccccc2c1C1(C(F)(F)F)Oc2ccccc2C1=O,1,27.12
CCOc1ccccc1NC(=O)c1sc2nc3c(c(-c4ccccc4)c2c1N)C(=O)CCC3,1,28.17
CCCC1CN(S(=O)(=O)c2ccc(OC(C)(C)C(=O)O)cc2)CC1=NOC(C(F)(F)F)C(F)(F)F,1,35.63
O=C(N=c1[nH]c(-c2ccccc2)cs1)c1cccs1,1,19.42
O=C(NCc1ccc(CN2C(=O)NC3(CCCCC3)C2=O)cc1)Nc1ccc(Cl)c(C(F)(F)F)c1,1,30.43
CC1CNCCC1SC1CCCCC1,1,26.18
COc1ccc(NC(=O)CNc2ccc3c(C)cc(=O)oc3c2)cn1,1,26.5
Cc1ccc(NS(=O)(=O)c2ccc(F)cc2)cc1C(=O)NC1C2CC3CC1CC(C(N)=O)(C3)C2,1,26.08
CC(=O)OCC1OC(n2c(Br)nc3c(C)[nH]c(=N)nc32)C(OC(C)=O)C(OC(C)=O)C1OC(C)=O,1,31.51
Cc1ccc(S(=O)(=O)Nc2ccccc2C(=O)NCc2cccnc2)cc1,1,22.56
COc1ccc(C(OC(=O)C=Cc2ccc(C#N)cc2)C(=O)NCCN(C)C)c2c1=C(O)c1c(O)c3c(c(O)c1=CC(O)(C(C)=O)C=3)C=2O,1,57.6
COc1ccc2sc(-n3cnc4sc5c(c4c3=O)CCCC5)nc2c1,1,25.08
O=C1c2cc(Cl)c(Cl)c(Cl)c2C(=O)N1c1ncc(Cc2cccs2)s1,1,28.3
O=C(Cc1nc(-c2ccc(F)cc2)cs1)c1ccccc1,1,26.09
N#CCCNc1ccc(NS(=O)(=O)C(F)(F)F)c(OCc2ccc(Cl)cc2)c1,1,29.2
CCCOc1nc(=N)[nH]c(Cl)c1-c1cc(Cl)c(S(=O)(=O)Nc2c(C)nn(C)c2C)c(Cl)c1,1,36.0
O=C(c1c[nH]c2c(F)cccc2c1=O)c1ncnn1C1CCCC1,1,32.12
CC1CN(C(=S)CSC(NC(=O)C2NN=C(C(F)(F)F)CC2c2ccccc2)SSC(=S)c2ccccc2)C(=Nc2ccccc2)S1,1,51.84
O=C(O)CCCCCN1C(=O)C(=Cc2ccc(-c3cccs3)s2)SC1=S,1,25.25
CC(N=c1nc(OCC2CCCC2O)c2c([nH]1)CCN(C(=O)C1(C)COC1)C2)c1csc2ccccc12,1,51.49
CCCn1c(=O)c(C(=O)NCCc2ccc(OC)cc2)c(O)c2ccccc21,1,22.88
CCc1nc2c(C)cc(C)nc2n1Cc1ccc(C(c2ccccc2)c2ccccc2)cc1,1,21.65
CNCC=C1CCN(c2ccccc2C#N)CC1,1,27.26
Cc1ccc(NC(=O)Cc2c[nH]c3ccc(Br)cc23)cc1CNc1cc2cc(C(=O)N3CC4CC(C3)c3cccc(=O)n3C4)[nH]c2c(C)n1,1,50.96
COc1cc(N=c2cc(C(C)C)nc(-c3ccc(C4(C)COCCN(C)C4=O)s3)[nH]2)ccc1-n1cc(C)nn1,1,41.65
CCCc1nc(CNc2ccc(Cl)c(C(F)(F)F)c2)cn1Cc1ccc(NC(=O)c2c(Cl)cccc2Cl)cc1,1,34.81
CCN=c1[nH]c2cc(-c3cnnc(N(C)C)n3)cnc2[nH]c1=NCC,1,36.91
Cc1cn(C2C=CC(CO)C2)c(=O)[nH]c1=O,1,17.08
COc1cc(C(=O)C=Cc2cnc3cncn3c2)cc(OC)c1OC,1,29.84
O=C(NCCc1cccc(O)c1)c1cc(C(=O)O)c(C(=O)O)cc1O,1,33.4
COc1cc(O)cc(C(=O)OCCC(C)N(C)C)c1,1,30.03
CCOC(=O)CNC(=O)C(C)NC(=O)C(CC(C)C)=NC(=O)CCc1ccc(OC)cc1,1,33.69
O=C(Nc1ccc(F)cc1)C1(C(=O)N(Cc2ccccc2)Cc2ccc(Oc3cccc(C(F)(F)F)c3)cc2)CC1,1,32.57
COc1cc(S(=O)(=O)N2CCCC(C)C2)ccc1NC(=O)c1ccncc1,1,26.71
Cc1ccc(F)c(NC(=O)c2cnc(N3CCC(C(=O)O)CC3)c(OCC3CC3)c2)c1,1,31.37
COC(=O)c1cnc2sc(C(=O)Nc3ccccc3Cl)nn2c1=O,1,27.6
CC1(C)C=Cc2c(ccc(OCc3ccccc3)c2C(=O)C=Cc2ccc(Cl)cc2)O1,1,29.43
O=C(OCCc1ccc(F)cc1)c1cccc(-n2sc3ccccc3c2=O)c1,1,28.98
O=CC=Cc1ccc(-c2ccccc2)cc1,1,20.06
CN1CCCC(n2c(=O)[nH]c3ccc(Cl)cc32)C1,1,26.43
CC1(C)C(N=c2cc2)NC(=O)C(N)N1O,1,28.58
Cc1ccc(-c2nnc(-c3ccccc3NC(=O)c3ccco3)o2)cc1,1,23.56
CSCCC(NC(=O)C(S)Cc1ccccc1)C(=O)O,1,21.96
COc1cc(OC)cc(C(C)NCc2c(C)nc(C)c(CNC(=O)c3c(C(=O)O)ccnc3C)c2C)c1,1,42.01
CC1(C(=O)NS(=O)(=O)c2ccc(C#N)cc2)CCN1C(=O)Cc1ccccc1,1,25.05
COc1ccc(-c2ncn(C(=NO)c3cccnc3OCc3ccccc3)n2)cc1F,1,30.79
CN1CCc2c(sc(NC(=O)c3ccc(S(=O)(=O)N4CCCC4)cc3)c2C(N)=O)C1,1,21.54
CCN=c1[nH]c(=N)[nH]c2nc(-c3ccccc3)cc(-c3ccccc3)c12,1,27.89
Cc1n[nH]c(=NC(=O)c2ccc(CN3CC(C)OC(C)C3)s2)s1,1,25.82
Cc1nccc2c3cc(S(=O)(=O)c4ccccc4)ccc3n(C)c12,1,24.71
CC(C)Oc1ccc(S(=O)(=O)NCCN2CCCCC2Cn2cccn2)cc1,1,30.09
CNc1cc(C(=O)Nc2cccc(O)c2)c(O)cc(C(=O)C=Cc2ccc(Cl)c(Cl)c2)c1=O,1,35.36
COCCCOc1cc(CC(CC(N)C(O)CC(C)C(=O)NC(CCC(N)=O)C(=O)OC)C(C)C)ccc1OC,1,31.81
CN(CC(=O)Nc1cc(F)ccc1F)C(=O)c1cccnc1N1CCCC1,1,26.57
CCCCCC=CC=CC(O)C=CCC1C(O)CC(O)C1CCCCC(=O)O,1,28.11
Cc1ccc(N2CCN(CCCCOc3cc(=O)[nH]c4c(C)cc(C)cc34)CC2)cc1,1,30.71
CC1(C)CC(=O)C2=C(C1)OC(=N)C(C#N)C2c1cccc(NC(=O)NC(=O)c2ccc(F)cc2)c1,1,31.7
O=C(Nc1cccc(-c2ccccc2)c1)Nc1cccn(Cc2ccccc2Cl)c1=O,1,26.21
COc1ccc(S(=O)(=O)N(C2CC2)C(c2ccc(C(F)(F)F)nc2)C2CNCC(=O)N2)cc1,1,32.21
CCN(CCO)C(=O)c1sc2nc(N3CCCC3)c(Cl)c(C)c2c1N,1,33.3
CCN1C(NCc2ccc3c(c2)OCO3)=NC(c2ccccc2)C(C(=O)OC)=C1C,1,21.74
N#CC(=Cc1ccccc1)C(=O)c1cccc([N+](=O)[O-])c1,1,23.1
CC(COc1ccc(Cl)cc1)CN(O)CCNC(NC(=O)C(C)(C)C)C(C)C,1,40.01
Cc1ccc(NC(=O)C(=O)NN)cc1,1,20.29
CS(=O)(=O)Nc1ccccc1Oc1ccc(-c2nsc(=N)[nH]2)cc1,1,27.58
O=C(NCC#Cc1ccc2nc[nH]c(=NCCc3ccccc3Oc3ccccc3)c2c1)c1cncn(Cc2ccc(F)c(F)c2)c1=O,1,31.76
COC(=O)c1ccccc1CSc1nnc2n1CCc1ccccc1-2,1,24.69
COc1n[nH]c2cc(=NC(=O)NC(c3ccccc3)C(C)(C)O)[nH]c(Br)c12,1,24.94
Cc1cc(Oc2cc[nH]c(=NC(=O)C3CC3)c2)ccc1NC(=O)Nc1cc(C(F)(F)F)ccc1F,1,20.85
Cc1ncc(COC(=O)NC(C(=O)NC(Cc2ccccc2)CC(O)C(Cc2ccccc2)NC(=O)C(NC(=O)OCc2ccccn2)C(C)C)C(C)C)nc1C,1,32.92
O=C(Nc1coc(O)c1O)c1cc(=NC(=O)c2cc(-c3ccccn3)c(F)cc2Cl)c(=O)n(-c2ccccc2)[nH]1,1,34.23
O=C(CCCCCCNC1c2ccccc2-c2ccccc21)Nc1cc(Cl)cc([N+](=O)[O-])c1,1,33.97
Cc1cc(S(=O)(=O)NCc2ccccc2F)ccc1OCC(=O)Nc1ccc(C(C)C)cc1,1,31.11
Cc1cc(NC(=O)CN(CCc2ccccn2)C2CCCCC2)c(C(=O)c2ccccc2)cc1C,1,37.18
CC(C)c1ccc(S(=O)(=O)N2CCCC2)cc1,1,19.85
Clc1cc(Br)ccc1N=c1[nH]c(C(Cl)(Cl)Cl)nc2ccccc12,1,23.14
CC(CBr)CNc1ccccc1C(F)(F)F,1,30.53
Cc1[nH]cnc(=NS(=O)(=O)c2ccc(NC(=O)CSc3nc4ccsc4c(=O)n3Cc3ccccc3)cc2)c1C,1,33.03
CC1CCCCC1NC(=O)c1cnc2nc(C(F)(F)F)[nH]n2c1=O,1,29.12
CCOC(=O)c1sc(=NC(=O)CSc2ccc(NC(=O)c3cccs3)cc2)[nH]c1C,1,26.75
CNC(=O)C1C(C)=NC(C)=C(C(=O)Nc2ccccc2)C1c1ccc([N+](=O)[O-])cc1,1,27.5
O=C1c2ccccc2CN1CCCCN1CCN(c2ccccn2)CC1,1,20.48
CC1(N)CCN(c2c(Cl)cccc2NC(=O)c2cccc(Cl)c2)CC1,1,27.04
CN(C)C(=O)c1cc(Oc2ccc(NC(=NO)Nc3ccc(C(=O)N(CCO)CCO)cc3)cc2)ccn1,1,36.8
CCOC(=O)N1CCN(CCCOc2cc3c(=Nc4ccc(F)c(Cl)c4)nc[nH]c3cc2OC)CC1,1,23.66
